CDWR07_2_GEN,CDWR07_2_GEN,CDWR07_2_GEN-APND
HYTTHM_2_UNITS,HYATT-THERMALITO PUMP-GEN (AGGREGATE),HYTTHM_2_UNITS-APND
PINFLT_7_UNITS,PINE FLAT HYDRO AGGREGATE,PINFLT_7_UNITS-APND
SLUISP_2_UNITS,SAN LUIS (GIANELLI) PUMP-GEN (AGGREGATE),SLUISP_2_UNITS-APND
DVLCYN_1_UNITS,DEVIL CANYON HYDRO UNITS 1-4 AGGREGATE,DVLCYN_1_UNITS-APND
WARNE_2_UNIT,WARNE HYDRO AGGREGATE,WARNE_2_UNIT-APND
COLVIL_7_PL1X2,COLLIERVILLE HYDRO UNIT 1 & 2 AGGREGATE,COLVIL_7_PL1X2-APND
DUANE_1_PL1X3,DONALD VON RAESFELD POWER PROJECT,DUANE_1_PL1X3-APND
SPICER_1_UNITS,SPICER HYDRO UNITS 1-3 AGGREGATE,SPICER_1_UNITS-APND
TULLCK_7_UNITS,Tullock Hydro,TULLCK_7_UNITS-APND
AGRICO_6_PL3N5,Fresno Peaker,AGRICO_6_PL3N5-APND
AGRICO_7_UNIT,Fresno Cogen,AGRICO_7_UNIT-APND
BUCKCK_7_PL1X2,BUCKS CREEK AGGREGATE,BUCKCK_7_PL1X2-APND
CAMCHE_1_PL1X3,CAMANCHE UNITS  1 2 &  3 AGGREGATE,CAMCHE_1_PL1X3-APND
CARBOU_7_PL2X3,CARIBOU PH 1 UNIT 2 & 3 AGGREGATE,CARBOU_7_PL2X3-APND
CARBOU_7_PL4X5,CARIBOU PH 2 UNIT 4 & 5 AGGREGATE,CARBOU_7_PL4X5-APND
COLUSA_2_PL1X3,Colusa Generating Station,COLUSA_2_PL1X3-APND
CRESTA_7_PL1X2,CRESTA PH UNIT 1 & 2 AGGREGATE,CRESTA_7_PL1X2-APND
DELTA_2_PL1X4,DELTA ENERGY CENTER AGGREGATE,DELTA_2_PL1X4-APND
DRUM_7_PL1X2,Drum PH 1 Units 1 & 2 Aggregate,DRUM_7_PL1X2-APND
DRUM_7_PL3X4,Drum PH 1 Units 3 & 4 Aggregate,DRUM_7_PL3X4-APND
ELECTR_7_PL1X3,ELECTRA PH UNIT 1 & 2 AGGREGATE,ELECTR_7_PL1X3-APND
ELKHIL_2_PL1X3,ELK HILLS COMBINED CYCLE (AGGREGATE),ELKHIL_2_PL1X3-APND
GATWAY_2_PL1X3,GATEWAY GENERATING STATION,GATWAY_2_PL1X3-APND
GILROY_1_UNIT,GILROY COGEN AGGREGATE,GILROY_1_UNIT-APND
GILRPP_1_PL1X2,GILROY ENERGY CENTER UNITS 1&2 AGGREGATE,GILRPP_1_PL1X2-APND
GWFPWR_1_UNITS,HANFORD PEAKER PLANT,GWFPWR_1_UNITS-APND
GYS5X6_7_UNITS,GEYSERS UNITS 5 & 6 AGGREGATE,GYS5X6_7_UNITS-APND
GYS7X8_7_UNITS,GEYSERS UNITS 7 & 8 AGGREGATE,GYS7X8_7_UNITS-APND
HAASPH_7_PL1X2,HAAS PH UNIT 1 & 2 AGGREGATE,HAASPH_7_PL1X2-APND
HUMBPP_6_UNITS,Humboldt Bay Generating Station 1,HUMBPP_6_UNITS-APND
INTKEP_2_UNITS,CCSF Hetch_Hetchy Hydro Aggregate,INTKEP_2_UNITS-APND
KELSO_2_UNITS,Mariposa Energy,KELSO_2_UNITS-APND
LECEF_1_UNITS,LOS ESTEROS ENERGY FACILITY AGGREGATE,LECEF_1_UNITS-APND
LMEC_1_PL1X3,Los Medanos Energy Center AGGREGATE,LMEC_1_PL1X3-APND
LODIEC_2_PL1X2,Lodi Energy Center,LODIEC_2_PL1X2-APND
MALAGA_1_PL1X2,Malaga Power Aggregate,MALAGA_1_PL1X2-APND
MDFKRL_2_PROJCT,MIDDLE FORK AND RALSTON PSP,MDFKRL_2_PROJCT-APND
METEC_2_PL1X3,Metcalf Energy Center,METEC_2_PL1X3-APND
MONTPH_7_UNITS,MONTICELLO HYDRO AGGREGATE,MONTPH_7_UNITS-APND
MOSSLD_2_PSP1,MOSS LANDING POWER BLOCK 1,MOSSLD_2_PSP1-APND
MOSSLD_2_PSP2,MOSS LANDING POWER BLOCK 2,MOSSLD_2_PSP2-APND
NHOGAN_6_UNITS,NEW HOGAN PH AGGREGATE,NHOGAN_6_UNITS-APND
ONLLPP_6_UNITS,O'NEILL PUMP-GEN (AGGREGATE),ONLLPP_6_UNITS-APND
PARDEB_6_UNITS,Pardee Power House,PARDEB_6_UNITS-APND
PGCC_1_PDRP02,PGCC_1_PDRP02,PGCC_1_PDRP02-APND
PGCC_1_PDRP04,PGCC_1_PDRP04,PGCC_1_PDRP04-APND
PGCC_1_PDRP05,PDR-D PGCC,PGCC_1_PDRP05-APND
PGCC_1_RDRR01,PGCC_1_RDRR01,PGCC_1_RDRR01-APND
PGCC_1_RDRR02,PGCC_1_RDRR02,PGCC_1_RDRR02-APND
PGEB_2_PDRP01,Tesla Freemont,PGEB_2_PDRP01-APND
PGEB_2_PDRP02,PDR-C PGEB,PGEB_2_PDRP02-APND
PGEB_2_PDRP03,PDR-A PGEB,PGEB_2_PDRP03-APND
PGEB_2_PDRP04,PGEB_2_PDRP04,PGEB_2_PDRP04-APND
PGEB_2_PDRP05,PGEB_2_PDRP05,PGEB_2_PDRP05-APND
PGEB_2_PDRP06,PDR-D PGEB,PGEB_2_PDRP06-APND
PGEB_2_PDRP07,PDR-D PGEB CRLL,PGEB_2_PDRP07-APND
PGEB_2_PDRP08,PGEB_2_PDRP08,PGEB_2_PDRP08-APND
PGEB_2_PDRP09,PGEB_2_PDRP09,PGEB_2_PDRP09-APND
PGEB_2_PDRP10,PGEB_2_PDRP10,PGEB_2_PDRP10-APND
PGEB_2_PDRP11,Tesla Dublin,PGEB_2_PDRP11-APND
PGEB_2_RDRR01,PGEB_2_RDRR01,PGEB_2_RDRR01-APND
PGEB_2_RDRR02,PGEB_2_RDRR02,PGEB_2_RDRR02-APND
PGEB_2_RDRR03,PGEB_2_RDRR03,PGEB_2_RDRR03-APND
PGEB_2_RDRR08,RDRR-D PGEB,PGEB_2_RDRR08-APND
PGF1_2_PDRP03,PGF1_2_PDRP03,PGF1_2_PDRP03-APND
PGF1_2_PDRP04,PGF1_2_PDRP04,PGF1_2_PDRP04-APND
PGF1_2_PDRP07,PDR-F PGF1,PGF1_2_PDRP07-APND
PGF1_2_PDRP08,PDR-D PGF1,PGF1_2_PDRP08-APND
PGF1_2_PDRP09,PDR-D PGF1 SEL1,PGF1_2_PDRP09-APND
PGF1_2_PDRP10,PDR-D PGF1 SEES,PGF1_2_PDRP10-APND
PGF1_2_PDRP11,PGF1_2_PDRP11,PGF1_2_PDRP11-APND
PGF1_2_RDRR01,PGF1_2_RDRR01,PGF1_2_RDRR01-APND
PGF1_2_RDRR02,PGF1_2_RDRR02,PGF1_2_RDRR02-APND
PGF1_2_RDRR03,PGF1_2_RDRR03,PGF1_2_RDRR03-APND
PGF1_2_RDRR04,PGF1_2_RDRR04,PGF1_2_RDRR04-APND
PGF1_2_RDRR05,RDRR-D PGF1 SEES ,PGF1_2_RDRR05-APND
PGF1_2_RDRR06,RDRR-D PGF1 EDF ,PGF1_2_RDRR06-APND
PGFG_1_PDRP03,PDR-D PGFG SEES,PGFG_1_PDRP03-APND
PGFG_1_PDRP04,PDR-C PGFG SOMA,PGFG_1_PDRP04-APND
PGFG_1_PDRP05,PGFG_1_PDRP05,PGFG_1_PDRP05-APND
PGFG_1_PDRP06,PDRP-D PGFG SOMA,PGFG_1_PDRP06-APND
PGFG_1_RDRR01,PGFG_1_RDRR01,PGFG_1_RDRR01-APND
PGFG_1_RDRR02,PGFG_1_RDRR02,PGFG_1_RDRR02-APND
PGHB_6_PDRP01,PDR-D PGHB CRLL,PGHB_6_PDRP01-APND
PGHB_6_PDRP02,PGHB_6_PDRP02,PGHB_6_PDRP02-APND
PGHB_6_RDRR01,PGHB_6_RDRR01,PGHB_6_RDRR01-APND
PGKN_2_PDRP01,PDR-D PGKN,PGKN_2_PDRP01-APND
PGKN_2_PDRP02,PGKN_2_PDRP02,PGKN_2_PDRP02-APND
PGKN_2_RDRR01,PGKN_2_RDRR01,PGKN_2_RDRR01-APND
PGKN_2_RDRR02,PGKN_2_RDRR02,PGKN_2_RDRR02-APND
PGKN_2_RDRR03,RDRR-D PGKN,PGKN_2_RDRR03-APND
PGKN_2_RDRR04,PGKN_2_RDRR04,PGKN_2_RDRR04-APND
PGKN_2_RDRR05,PGKN_2_RDRR05,PGKN_2_RDRR05-APND
PGNB_2_PDRP01,PDRP-D PGNB SOMA,PGNB_2_PDRP01-APND
PGNB_2_PDRP02,PGNB_2_PDRP02,PGNB_2_PDRP02-APND
PGNB_2_PDRP03,PGNB_2_PDRP03,PGNB_2_PDRP03-APND
PGNB_2_PDRP04,PDR-E PGNB MCE,PGNB_2_PDRP04-APND
PGNB_2_PDRP05,Tesla Napa,PGNB_2_PDRP05-APND
PGNB_2_RDRR02,PGNB_2_RDRR02,PGNB_2_RDRR02-APND
PGNC_1_PDRP01,PGNC_1_PDRP01,PGNC_1_PDRP01-APND
PGNC_1_RDRR01,PGNC_1_RDRR01,PGNC_1_RDRR01-APND
PGNC_1_RDRR02,PGNC_1_RDRR02,PGNC_1_RDRR02-APND
PGNP_2_PDRP02,PGNP_2_PDRP02,PGNP_2_PDRP02-APND
PGNP_2_PDRP03,PDR-D PGNP 2,PGNP_2_PDRP03-APND
PGNP_2_RDRR01,RDRR-D PGNP ,PGNP_2_RDRR01-APND
PGNP_2_RDRR02,PGNP_2_RDRR02,PGNP_2_RDRR02-APND
PGNP_2_RDRR03,PGNP_2_RDRR03,PGNP_2_RDRR03-APND
PGNP_2_RDRR04,PGNP_2_RDRR04,PGNP_2_RDRR04-APND
PGNP_2_RDRR05,PGNP_2_RDRR05,PGNP_2_RDRR05-APND
PGNP_2_RDRR07,PGNP_2_RDRR07,PGNP_2_RDRR07-APND
PGNP_2_RDRR08,PGNP_2_RDRR08,PGNP_2_RDRR08-APND
PGNP_2_RDRR09,RDRR-D PGNP-2,PGNP_2_RDRR09-APND
PGP2_2_PDRP01,PDR-C PGP2,PGP2_2_PDRP01-APND
PGP2_2_PDRP02,Google SSP PGP2 BU,PGP2_2_PDRP02-APND
PGP2_2_PDRP03,Google Inc PGP2 DA,PGP2_2_PDRP03-APND
PGP2_2_PDRP05,PGP2_2_PDRP05,PGP2_2_PDRP05-APND
PGP2_2_PDRP06,PDR-D PGP2,PGP2_2_PDRP06-APND
PGP2_2_PDRP07,PGP2_2_PDRP07,PGP2_2_PDRP07-APND
PGP2_2_PDRP08,PGP2_2_PDRP08,PGP2_2_PDRP08-APND
PGP2_2_PDRP10,PDR-D PGP2 PCEA,PGP2_2_PDRP10-APND
PGP2_2_RDRR01,PGP2_2_RDRR01,PGP2_2_RDRR01-APND
PGSB_1_PDRP01,SSP GCN ,PGSB_1_PDRP01-APND
PGSB_1_PDRP02,PDR-C PGSB,PGSB_1_PDRP02-APND
PGSB_1_PDRP04,PGSB_1_PDRP04,PGSB_1_PDRP04-APND
PGSB_1_PDRP06,PDR-F PGSB,PGSB_1_PDRP06-APND
PGSB_1_PDRP08,PGSB_1_PDRP08,PGSB_1_PDRP08-APND
PGSB_1_PDRP09,PDR-D PGSB,PGSB_1_PDRP09-APND
PGSB_1_PDRP10,PGSB_1_PDRP10,PGSB_1_PDRP10-APND
PGSB_1_PDRP11,PGSB_1_PDRP11,PGSB_1_PDRP11-APND
PGSB_1_PDRP12,PDR-E PGSB,PGSB_1_PDRP12-APND
PGSB_1_PDRP13,PDR-E PGSB EDF,PGSB_1_PDRP13-APND
PGSB_1_PDRP14,PDR-D PGSB SVCE,PGSB_1_PDRP14-APND
PGSB_1_PDRP16,Tesla Mountain View/Gilroy,PGSB_1_PDRP16-APND
PGSB_1_PDRP17,PGSB_1_PDRP17,PGSB_1_PDRP17-APND
PGSB_1_RDRR01,PGSB_1_RDRR01,PGSB_1_RDRR01-APND
PGSB_1_RDRR02,PGSB_1_RDRR02,PGSB_1_RDRR02-APND
PGSB_1_RDRR03,PGSB_1_RDRR03,PGSB_1_RDRR03-APND
PGSB_1_RDRR04,RDRR-D PGSB SVCE,PGSB_1_RDRR04-APND
PGSB_1_RDRR05,RDRR-D PGSB TPES,PGSB_1_RDRR05-APND
PGSB_1_RDRR06,PGSB_1_RDRR06,PGSB_1_RDRR06-APND
PGSF_2_PDRP03,PGSF_2_PDRP03,PGSF_2_PDRP03-APND
PGSF_2_PDRP04,PGSF_2_PDRP04,PGSF_2_PDRP04-APND
PGSF_2_PDRP06,PDR-D PGSF SEES,PGSF_2_PDRP06-APND
PGSF_2_PDRP07,PDR-D PGSF,PGSF_2_PDRP07-APND
PGSF_2_PDRP08,PGSF_2_PDRP08,PGSF_2_PDRP08-APND
PGSF_2_PDRP09,PDR-E PGSF,PGSF_2_PDRP09-APND
PGSF_2_PDRP10,PDR-D PGSF CEM1,PGSF_2_PDRP10-APND
PGSF_2_PDRP11,PDR-E PGSF CPSF,PGSF_2_PDRP11-APND
PGSF_2_PDRP12,PGSF_2_PDRP12,PGSF_2_PDRP12-APND
PGSF_2_RDRR01,PGSF_2_RDRR01,PGSF_2_RDRR01-APND
PGSI_1_PDRP01,PDRP-D PGSI,PGSI_1_PDRP01-APND
PGSI_1_PDRP02,PGSI_1_PDRP02,PGSI_1_PDRP02-APND
PGSI_1_PDRP03,Tesla Rocklin,PGSI_1_PDRP03-APND
PGSI_1_RDRR02,PGSI_1_RDRR02,PGSI_1_RDRR02-APND
PGSI_1_RDRR03,PGSI_1_RDRR03,PGSI_1_RDRR03-APND
PGST_2_PDRP01,PGST_2_PDRP01,PGST_2_PDRP01-APND
PGST_2_PDRP03,PGST_2_PDRP03,PGST_2_PDRP03-APND
PGST_2_RDRR01,PGST_2_RDRR01,PGST_2_RDRR01-APND
PGST_2_RDRR02,RDRR-D PGST,PGST_2_RDRR02-APND
PGST_2_RDRR03,PGST_2_RDRR03,PGST_2_RDRR03-APND
PGST_2_RDRR04,PGST_2_RDRR04,PGST_2_RDRR04-APND
PGZP_2_PDRP02,PGZP_2_PDRP02,PGZP_2_PDRP02-APND
PGZP_2_PDRP03,PDR-D PGZP SEL1,PGZP_2_PDRP03-APND
PGZP_2_RDRR01,RDRR-D PGZP ,PGZP_2_RDRR01-APND
PGZP_2_RDRR02,RDRR-D PGZP 2,PGZP_2_RDRR02-APND
PGZP_2_RDRR03,RDRR-D PGNP 3,PGZP_2_RDRR03-APND
PGZP_2_RDRR04,PGZP_2_RDRR04,PGZP_2_RDRR04-APND
PGZP_2_RDRR05,PGZP_2_RDRR05,PGZP_2_RDRR05-APND
PGZP_2_RDRR06,RDRR-D PGZP 4 ,PGZP_2_RDRR06-APND
PIT3_7_PL1X3,PIT PH 3 UNITS 1 2 & 3 AGGREGATE,PIT3_7_PL1X3-APND
PIT4_7_PL1X2,PIT PH 4 UNITS 1 & 2 AGGREGATE,PIT4_7_PL1X2-APND
PIT5_7_PL1X2,PIT PH 5 UNITS 1 & 2 AGGREGATE,PIT5_7_PL1X2-APND
PIT5_7_PL3X4,PIT PH 5 UNITS 3 & 4 AGGREGATE,PIT5_7_PL3X4-APND
PNCHEG_2_PL1X4,PANOCHE ENERGY CENTER (Aggregated),PNCHEG_2_PL1X4-APND
PNCHPP_1_PL1X2,Midway Peaking Aggregate,PNCHPP_1_PL1X2-APND
PNCHVS_2_SOLAR,Panoche Valley Solar,PNCHVS_2_SOLAR-APND
PNOCHE_1_PL1X2,Panoche Peaker,PNOCHE_1_PL1X2-APND
RUSCTY_2_UNITS,Russell City Energy Center,RUSCTY_2_UNITS-APND
SALTSP_7_UNITS,SALT SPRINGS HYDRO AGGREGATE,SALTSP_7_UNITS-APND
SANTFG_7_UNITS,GEYSERS CALISTOGA AGGREGATE,SANTFG_7_UNITS-APND
SCHLTE_1_PL1X3,Tracy Combined Cycle Power Plant,SCHLTE_1_PL1X3-APND
SHELRF_1_UNITS,SHELL OIL REFINERY AGGREGATE,SHELRF_1_UNITS-APND
SPAULD_6_UNIT12,SPAULDING HYDRO PH 1 & 2 AGGREGATE,SPAULD_6_UNIT12-APND
STOILS_1_UNITS,Chevron Richmond Refinery,STOILS_1_UNITS-APND
SUNRIS_2_PL1X3,Sunrise Power Project AGGREGATE II,SUNRIS_2_PL1X3-APND
SUNSHN_2_LNDFL,Sunshine Gas Producers,SUNSHN_2_LNDFL-APND
SUTTER_2_PL1X3,SUTTER POWER PLANT AGGREGATE,SUTTER_2_PL1X3-APND
TIGRCK_7_UNITS,TIGER CREEK HYDRO AGGREGATE,TIGRCK_7_UNITS-APND
WISHON_6_UNITS,Wishon/San Joaquin  #1-A AGGREGATE,WISHON_6_UNITS-APND
CORONS_6_CLRWTR,Clearwater Power Plant,CORONS_6_CLRWTR-APND
RVSIDE_6_SPRING,SPRINGS GENERATION PROJECT AGGREGATE,RVSIDE_6_SPRING-APND
ANTLPE_2_QF,ANTELOPE QFS,ANTLPE_2_QF-APND
BIGCRK_2_EXESWD,BIG CREEK HYDRO PROJECT PSP,BIGCRK_2_EXESWD-APND
BLKCRK_2_SOLAR1,McCoy Station,BLKCRK_2_SOLAR1-APND
BLM_2_UNITS,BLM EAST Facility,BLM_2_UNITS-APND
BRODIE_2_WIND,Coram Brodie Wind Project,BRODIE_2_WIND-APND
BUCKBL_2_PL1X3,Blythe Energy Center,BUCKBL_2_PL1X3-APND
CALGEN_1_UNITS,Coso Navy 1,CALGEN_1_UNITS-APND
CENTRY_6_PL1X4,CENTURY GENERATING PLANT (AGGREGATE),CENTRY_6_PL1X4-APND
DELSUR_6_CREST,Delsur Aggregate Solar Resources,DELSUR_6_CREST-APND
DEVERS_1_QF,DEVERS QFS,DEVERS_1_QF-APND
DMDVLY_1_UNITS,DIAMOND VALLEY LAKE PUMP-GEN PLANT,DMDVLY_1_UNITS-APND
DREWS_6_PL1X4,Drews Generating Plant,DREWS_6_PL1X4-APND
DSRTSL_2_SOLAR1,Desert Stateline,DSRTSL_2_SOLAR1-APND
DSRTSN_2_SOLAR1,Desert Sunlight 300,DSRTSN_2_SOLAR1-APND
DSRTSN_2_SOLAR2,Desert Sunlight 250,DSRTSN_2_SOLAR2-APND
ELSEGN_2_UN1011,El Segundo Energy Center 5/6,ELSEGN_2_UN1011-APND
ELSEGN_2_UN2021,El Segundo Energy Center 7/8,ELSEGN_2_UN2021-APND
GENESI_2_STG,Genesis Station,GENESI_2_STG-APND
HIDSRT_2_UNITS,HIGH DESERT POWER PROJECT AGGREGATE,HIDSRT_2_UNITS-APND
KRAMER_2_SEGS89,LUZ SOLAR PARTNERS 8-9 AGGREGATE,KRAMER_2_SEGS89-APND
LEBECS_2_UNITS,Pastoria Energy Facility,LEBECS_2_UNITS-APND
MRCHNT_2_PL1X3,Desert Star Energy Center,MRCHNT_2_PL1X3-APND
NAVYII_2_UNITS,COSO POWER DEVELOPER (NAVY II) AGGREGATE,NAVYII_2_UNITS-APND
PANDOL_6_UNIT,Covanta Delano Inc.,PANDOL_6_UNIT-APND
PRIMM_2_SOLAR1,Silver State South,PRIMM_2_SOLAR1-APND
SANDLT_2_SUNITS,Mojave Solar,SANDLT_2_SUNITS-APND
SANITR_6_UNITS,LACSD CARSON WATER POLLUTION AGGREGATE,SANITR_6_UNITS-APND
SBERDO_2_PSP3,Mountainview Gen Sta. Unit 3,SBERDO_2_PSP3-APND
SBERDO_2_PSP4,Mountainview Gen Sta. Unit 4,SBERDO_2_PSP4-APND
SCEC_1_PDRP01,SCEC_1_PDRP01,SCEC_1_PDRP01-APND
SCEC_1_PDRP03,PDR-A SCEC 2,SCEC_1_PDRP03-APND
SCEC_1_PDRP15,DRC-ENO-C1-LSCE,SCEC_1_PDRP15-APND
SCEC_1_PDRP21,DRC-ENO-C2-LSCE,SCEC_1_PDRP21-APND
SCEC_1_PDRP22,DRC-ENO-C3-LSCE,SCEC_1_PDRP22-APND
SCEC_1_PDRP23,DRC-ENO-C4-LSCE,SCEC_1_PDRP23-APND
SCEC_1_PDRP24,DRC-ENO-C5-LSCE,SCEC_1_PDRP24-APND
SCEC_1_PDRP26,PDR-F SCEC,SCEC_1_PDRP26-APND
SCEC_1_PDRP27,PDR-D SCEC LNE1,SCEC_1_PDRP27-APND
SCEC_1_PDRP28,PDR-C SCEC,SCEC_1_PDRP28-APND
SCEC_1_PDRP29,PDR-B SCEC,SCEC_1_PDRP29-APND
SCEC_1_PDRP30,SCEC_1_PDRP30,SCEC_1_PDRP30-APND
SCEC_1_PDRP31,SCEC_1_PDRP31,SCEC_1_PDRP31-APND
SCEC_1_PDRP32,SCEC_1_PDRP32,SCEC_1_PDRP32-APND
SCEC_1_PDRP33,PDR-A SCEC,SCEC_1_PDRP33-APND
SCEC_1_PDRP34,DRC-ECI-C-LSCE,SCEC_1_PDRP34-APND
SCEC_1_PDRP35,CBP-1-4-C-LSEL1,SCEC_1_PDRP35-APND
SCEC_1_PDRP36,PDR-D SCEC 1,SCEC_1_PDRP36-APND
SCEC_1_PDRP37,PDR-D SCEC 2,SCEC_1_PDRP37-APND
SCEC_1_PDRP38,PDR-D SCEC COR,SCEC_1_PDRP38-APND
SCEC_1_PDRP39,PDR-D SCEC 3,SCEC_1_PDRP39-APND
SCEC_1_PDRP42,SCEC_1_PDRP42,SCEC_1_PDRP42-APND
SCEC_1_RDRR01,SDP-C-C-LSCE,SCEC_1_RDRR01-APND
SCEC_1_RDRR02,BIP-C1-LCALP,SCEC_1_RDRR02-APND
SCEC_1_RDRR07,BIP-C-3-LSEES,SCEC_1_RDRR07-APND
SCEC_1_RDRR08,BIP-C-3-LSCE,SCEC_1_RDRR08-APND
SCEC_1_RDRR16,SDP-R-C-3-LSCE,SCEC_1_RDRR16-APND
SCEC_1_RDRR17,API-C-LSCE,SCEC_1_RDRR17-APND
SCEC_1_RDRR18,SDP-R-C-4-LSCE,SCEC_1_RDRR18-APND
SCEC_1_RDRR19,SDP-R-C-1-LSCE,SCEC_1_RDRR19-APND
SCEC_1_RDRR20,SDP-R-C-2-LSCE,SCEC_1_RDRR20-APND
SCEC_1_RDRR21,BIP-C1-LNEI1,SCEC_1_RDRR21-APND
SCEC_1_RDRR22,BIP-C1-LSEL1,SCEC_1_RDRR22-APND
SCEC_1_RDRR23,BIP-C1-LSEES,SCEC_1_RDRR23-APND
SCEC_1_RDRR24,BIP-C1-LSCE,SCEC_1_RDRR24-APND
SCEC_1_RDRR25,BIP-C2-LNEI1,SCEC_1_RDRR25-APND
SCEC_1_RDRR26,BIP-C2-LSEL1,SCEC_1_RDRR26-APND
SCEC_1_RDRR27,BIP-C2-LSCE,SCEC_1_RDRR27-APND
SCEC_1_RDRR28,BIP-C3-LNEI1,SCEC_1_RDRR28-APND
SCEC_1_RDRR29,BIP-C3-LCOR,SCEC_1_RDRR29-APND
SCEC_1_RDRR30,BIP-C3-LSEL1,SCEC_1_RDRR30-APND
SCEN_6_PDRP01,SCEN_6_PDRP01,SCEN_6_PDRP01-APND
SCEN_6_PDRP03,CBP-1-4-N-LSCE,SCEN_6_PDRP03-APND
SCEN_6_PDRP04,DRC-ENO-N-LSCE,SCEN_6_PDRP04-APND
SCEN_6_PDRP05,CBP-1-4-N-LSEL1,SCEN_6_PDRP05-APND
SCEN_6_PDRP10,DRC-ECI-N-LSCE,SCEN_6_PDRP10-APND
SCEN_6_PDRP12,CBP-1-4-N-LSCE,SCEN_6_PDRP12-APND
SCEN_6_PDRP16,CBP-1-4-N-LSCE,SCEN_6_PDRP16-APND
SCEN_6_PDRP17,PDR-D SCEN,SCEN_6_PDRP17-APND
SCEN_6_PDRP18,PDR-D SCEN LLAN,SCEN_6_PDRP18-APND
SCEN_6_PDRP19,PDR-D SCEN LCRLL,SCEN_6_PDRP19-APND
SCEN_6_PDRP20,PDRP-D SCEN EPA,SCEN_6_PDRP20-APND
SCEN_6_PDRP27,SCEN_6_PDRP27,SCEN_6_PDRP27-APND
SCEN_6_RDRR02,BIP-N-LSE,SCEN_6_RDRR02-APND
SCEN_6_RDRR03,BIP-N-LNEI1,SCEN_6_RDRR03-APND
SCEN_6_RDRR06,SDP-C-N-LSCE,SCEN_6_RDRR06-APND
SCEN_6_RDRR07,BIP-N-LSEES,SCEN_6_RDRR07-APND
SCEN_6_RDRR09,API-N-LSCE,SCEN_6_RDRR09-APND
SCEN_6_RDRR11,SDP-R-N-LSCE,SCEN_6_RDRR11-APND
SCEW_2_PDRP01,PDR-A SCEW 2,SCEW_2_PDRP01-APND
SCEW_2_PDRP02,SCEW_2_PDRP02,SCEW_2_PDRP02-APND
SCEW_2_PDRP14,DRC-ENO-W-LSCE,SCEW_2_PDRP14-APND
SCEW_2_PDRP15,PDR-F SCEW,SCEW_2_PDRP15-APND
SCEW_2_PDRP16,PDR-D SCEW LNE1,SCEW_2_PDRP16-APND
SCEW_2_PDRP17,PDR-E SCEW,SCEW_2_PDRP17-APND
SCEW_2_PDRP18,PDR-C SCEW,SCEW_2_PDRP18-APND
SCEW_2_PDRP19,SCEW_2_PDRP19,SCEW_2_PDRP19-APND
SCEW_2_PDRP20,SCEW_2_PDRP20,SCEW_2_PDRP20-APND
SCEW_2_PDRP21,PDR-A SCEW,SCEW_2_PDRP21-APND
SCEW_2_PDRP22,DRC-ECI-W-LNEI1,SCEW_2_PDRP22-APND
SCEW_2_PDRP23,CBP-1-4-W-LSEL1,SCEW_2_PDRP23-APND
SCEW_2_PDRP24,PDR-D SCEW,SCEW_2_PDRP24-APND
SCEW_2_PDRP25,PDR-D SCEW CEM1,SCEW_2_PDRP25-APND
SCEW_2_PDRP26,PDR-D SCEW PIPO,SCEW_2_PDRP26-APND
SCEW_2_PDRP38,SCEW_2_PDRP38,SCEW_2_PDRP38-APND
SCEW_2_PDRP39,SCEW_2_PDRP39,SCEW_2_PDRP39-APND
SCEW_2_RDRR01,BIP-W-2-LSCE,SCEW_2_RDRR01-APND
SCEW_2_RDRR03,BIP-W-3-LSEES,SCEW_2_RDRR03-APND
SCEW_2_RDRR04,BIP-W-3-LSCE,SCEW_2_RDRR04-APND
SCEW_2_RDRR06,SDP-C-W-LSCE,SCEW_2_RDRR06-APND
SCEW_2_RDRR08,BIP-W-1-LSCE,SCEW_2_RDRR08-APND
SCEW_2_RDRR10,BIP-W1-LNEI1,SCEW_2_RDRR10-APND
SCEW_2_RDRR11,API-W-LSCE,SCEW_2_RDRR11-APND
SCEW_2_RDRR13,SDP-R-W-LSCE,SCEW_2_RDRR13-APND
SCEW_2_RDRR14,BIP-W1-LSEL1,SCEW_2_RDRR14-APND
SCEW_2_RDRR15,BIP-W1-LSEES,SCEW_2_RDRR15-APND
SCEW_2_RDRR16,BIP-W3-LNEI1,SCEW_2_RDRR16-APND
SCEW_2_RDRR17,BIP-W3-LSEL1,SCEW_2_RDRR17-APND
SCEW_2_RDRR18,BIP-W3-LEDF,SCEW_2_RDRR18-APND
SCHD_1_PDRP05,DRC-ENO-H-LSCE,SCHD_1_PDRP05-APND
SCHD_1_PDRP11,SCHD_1_PDRP11,SCHD_1_PDRP11-APND
SCHD_1_PDRP12,SCHD_1_PDRP12,SCHD_1_PDRP12-APND
SCHD_1_PDRP13,DRC-ECI-H-LSCE,SCHD_1_PDRP13-APND
SCHD_1_PDRP14,CBP-1-4-H-LSEL1,SCHD_1_PDRP14-APND
SCHD_1_PDRP15,PDR-D SCHD,SCHD_1_PDRP15-APND
SCHD_1_RDRR03,BIP-H-LSEES,SCHD_1_RDRR03-APND
SCHD_1_RDRR04,SDP-C-H-LSCE,SCHD_1_RDRR04-APND
SCHD_1_RDRR05,BIP-H-LNEI1,SCHD_1_RDRR05-APND
SCHD_1_RDRR08,BIP-H-LSCE,SCHD_1_RDRR08-APND
SCHD_1_RDRR09,API-H-LSCE,SCHD_1_RDRR09-APND
SCHD_1_RDRR10,SDP-R-H-LSCE,SCHD_1_RDRR10-APND
SCLD_1_PDRP02,DRC-ENO-L-LSCE,SCLD_1_PDRP02-APND
SCLD_1_PDRP03,CBP-1-4-L-LSCE,SCLD_1_PDRP03-APND
SCLD_1_PDRP04,CBP-1-4-L-LSEL1,SCLD_1_PDRP04-APND
SCLD_1_PDRP08,PDR-D SCLD,SCLD_1_PDRP08-APND
SCLD_1_PDRP10,SCLD_1_PDRP10,SCLD_1_PDRP10-APND
SCLD_1_RDRR09,API-L-LSCE,SCLD_1_RDRR09-APND
SCNW_6_PDRP03,DRC-ENO-NW-LSCE,SCNW_6_PDRP03-APND
SCNW_6_PDRP10,SCNW_6_PDRP10,SCNW_6_PDRP10-APND
SCNW_6_PDRP11,SCNW_6_PDRP11,SCNW_6_PDRP11-APND
SCNW_6_PDRP12,SCNW_6_PDRP12,SCNW_6_PDRP12-APND
SCNW_6_PDRP13,DRC-ECI-NW-LNEI1,SCNW_6_PDRP13-APND
SCNW_6_PDRP14,CBP-1-4-NW-LSEL1,SCNW_6_PDRP14-APND
SCNW_6_PDRP15,PDR-D SCNW,SCNW_6_PDRP15-APND
SCNW_6_PDRP16,DRC-ECI-NW-LSCE,SCNW_6_PDRP16-APND
SCNW_6_RDRR04,SDP-R-NW-LSCE,SCNW_6_RDRR04-APND
SCNW_6_RDRR05,SDP-C-NW-LSCE,SCNW_6_RDRR05-APND
SCNW_6_RDRR07,BIP-NW-LCRLL,SCNW_6_RDRR07-APND
SCNW_6_RDRR08,BIP-NW-LSCE,SCNW_6_RDRR08-APND
SCNW_6_RDRR09,API-NW-LSCE,SCNW_6_RDRR09-APND
SLSTR1_2_SOLAR1,Solar Star 1,SLSTR1_2_SOLAR1-APND
SLSTR2_2_SOLAR2,Solar Star 2,SLSTR2_2_SOLAR2-APND
TENGEN_2_PL1X2,Berry Cogen 42,TENGEN_2_PL1X2-APND
VESTAL_2_KERN,KERN RIVER PH 3 UNITS 1 & 2 AGGREGATE,VESTAL_2_KERN-APND
WNDSTR_2_WIND,Windstar,WNDSTR_2_WIND-APND
IVWEST_2_SOLAR1,Imperial Valley West ( Q # 608) ,IVWEST_2_SOLAR1-APND
KEARNY_7_KY3,KEARNY GT3 AGGREGATE,KEARNY_7_KY3-APND
LAROA2_2_UNITA1,LR2,LAROA2_2_UNITA1-APND
OGROVE_6_PL1X2,Orange Grove Energy Center,OGROVE_6_PL1X2-APND
OTMESA_2_PL1X3,OTAY MESA ENERGY CENTER,OTMESA_2_PL1X3-APND
PALOMR_2_PL1X3,Palomar Energy Center,PALOMR_2_PL1X3-APND
SDG1_1_PDRP01,PDR-E SDG1,SDG1_1_PDRP01-APND
SDG1_1_PDRP02,SDGE_CBP_BunDO4_b,SDG1_1_PDRP02-APND
SDG1_1_PDRP03,Stater Bros Markets,SDG1_1_PDRP03-APND
SDG1_1_PDRP04,SDG1_1_PDRP04,SDG1_1_PDRP04-APND
SDG1_1_PDRP05,SDG1_1_PDRP05,SDG1_1_PDRP05-APND
SDG1_1_PDRP06,SDG1_1_PDRP06,SDG1_1_PDRP06-APND
SDG1_1_PDRP07,SDG1_1_PDRP07,SDG1_1_PDRP07-APND
SDG1_1_PDRP08,SDG1_1_PDRP08,SDG1_1_PDRP08-APND
SDG1_1_PDRP09,SDG1_1_PDRP09,SDG1_1_PDRP09-APND
SDG1_1_PDRP10,SDG1_1_PDRP10,SDG1_1_PDRP10-APND
SDG1_1_PDRP11,SDGE_CBP_DA_DIRACC_1,SDG1_1_PDRP11-APND
SDG1_1_PDRP14,SDG1_1_PDRP14,SDG1_1_PDRP14-APND
SDG1_1_PDRP15,SDG1_1_PDRP15,SDG1_1_PDRP15-APND
SDG1_1_PDRP16,PDR-A SDG1,SDG1_1_PDRP16-APND
SDG1_1_PDRP17,PDR-E SDG1 2,SDG1_1_PDRP17-APND
SDG1_1_PDRP18,PDR-E SDG1 3,SDG1_1_PDRP18-APND
SDG1_1_PDRP19,HWSD,SDG1_1_PDRP19-APND
SDG1_1_PDRP24,SDGE_CBP_DA_DIRACC_2,SDG1_1_PDRP24-APND
SDG1_1_PDRP29,SDGE SS BUN,SDG1_1_PDRP29-APND
SDG1_1_PDRP30,SDG1_1_PDRP30,SDG1_1_PDRP30-APND
SDG1_1_PDRP31,SDG1_1_PDRP31,SDG1_1_PDRP31-APND
SDG1_1_PDRP32,SDG1_1_PDRP32,SDG1_1_PDRP32-APND
SDG1_1_PDRP33,SDG1_1_PDRP33,SDG1_1_PDRP33-APND
SDG1_1_PDRP34,SDG1_1_PDRP34,SDG1_1_PDRP34-APND
SDG1_1_RDRR01,SDGE BIP1,SDG1_1_RDRR01-APND
TERMEX_2_PL1X3,TDM,TERMEX_2_PL1X3-APND
VERNON_6_MALBRG,Malburg Generating Station,VERNON_6_MALBRG-APND
ANAHM_2_CANYN1,CANYON POWER PLANT UNIT 1,CANYONP1_7_GN001
ANAHM_2_CANYN2,CANYON POWER PLANT UNIT 2,CANYONP2_7_GN001
ANAHM_2_CANYN3,CANYON POWER PLANT UNIT 3,CANYONP3_7_GN001
ANAHM_2_CANYN4,CANYON POWER PLANT UNIT 4,CANYONP4_7_GN001
ANAHM_7_CT,ANAHEIM COMBUSTION TURBINE,ANAHEIMG_7_B1
COLTON_6_AGUAM1,AGUA MANSA UNIT 1 (CITY OF COLTON),AGUAMNSA_7_B1
BANKPP_2_NSPIN,BANKPP_2_NSPIN,DELTAPMP_2_N008
DOSMGO_2_NSPIN,DOSMGO_2_NSPIN,DSAMIGO_2_N011
ALAMO_6_UNIT,ALAMO POWER PLANT ,ALAMOSC_7_N001
EDMONS_2_NSPIN,EDMONS_2_NSPIN,EDMONSTN_2_N023
MOJAVE_1_SIPHON,MOJAVE SIPHON POWER PLANT,MHVSPHN_1_N101
OSO_6_NSPIN,OSO_6_NSPIN,OSO_6_N008
PEARBL_2_NSPIN,PEARBL_2_NSPIN,PEARBLSM_2_N020
ALMEGT_1_UNIT 1,ALAMEDA GT UNIT 1,ALMDACT1_7_B1
ALMEGT_1_UNIT 2,ALAMEDA GT UNIT 2,ALMDACT2_7_B1
BEARDS_7_UNIT 1,Beardsley Hydro,BEARDSLY_7_B1
BLCKBT_2_STONEY,BLACK BUTTE HYDRO,BLCKBUTT_7_B1
CONTAN_1_UNIT,Graphic Packaging Cogen,CSCCCA_7_B2
CSCCOG_1_UNIT 1,SANTA CLARA CO-GEN,CSCCOG_6_N001
CSCGNR_1_UNIT 1,GIANERA PEAKER UNIT 1,CSCGNRA1_7_N101
CSCGNR_1_UNIT 2,GIANERA PEAKER UNIT 2,CSCGNRA2_7_N101
DONNLS_7_UNIT,Donnells Hydro,DONNELLS_7_B1
ELKCRK_6_STONYG,STONEY GORGE HYDRO AGGREGATE,ELKCREEK_6_N003
LODI25_2_UNIT 1,LODI GAS TURBINE,LODI25CT_7_B1
NCPA_7_GP1UN1,NCPA GEO PLANT 1 UNIT 1,NCPA1GY1_7_B2
NCPA_7_GP1UN2,NCPA GEO PLANT 1 UNIT 2,NCPA1GY2_7_B2
NCPA_7_GP2UN3,NCPA GEO PLANT 2 UNIT 3,NCPA2GY1_7_B2
NCPA_7_GP2UN4,NCPA GEO PLANT 2 UNIT 4,NCPA2GY2_7_B2
ORLND_6_HIGHLI,High Line Canal Hydro,ORLANDB_6_N004
PALALT_7_COBUG,Cooperatively Owned Back Up Generator,PLOALTO_1_N019
PLMSSR_6_HISIER,High Sierra Cogeneration Aggregate,PSQUINCY_6_GN001
STIGCT_2_LODI,LODI STIG UNIT,STIGCC_7_B1
UKIAH_7_LAKEMN,UKIAH LAKE MENDOCINO HYDRO,CITYUKH_1_N001
BRDWAY_7_UNIT 3,BROADWAY UNIT 3,BRDWAYB3_7_B1
GLNARM_2_UNIT 5,Glenarm Turbine 5,GLNARMC5_7_B5
GLNARM_7_UNIT 1,GLEN ARM UNIT 1,GLNARMC1_7_B1
GLNARM_7_UNIT 2,GLEN ARM UNIT 2,GLNARMC2_7_B1
GLNARM_7_UNIT 3,GLEN ARM UNIT 3,GLNARMC3_7_B1
GLNARM_7_UNIT 4,GLEN ARM UNIT 4,GLNARMC4_7_B1
7STDRD_1_SOLAR1,Shafter Solar,0096WD_7_N001
ADERA_1_SOLAR1,Adera Solar,ADERAG1_7_N001
ADLIN_1_UNITS,GEYSERS AIDLIN AGGREGATE,GEOENGY_7_B3
ADMEST_6_SOLAR,Adams East,S632_7_N001
ADOBEE_1_SOLAR,Adobe Solar,S622B_7_N003
ALLGNY_6_HYDRO1,Salmon Creek Hydroelectric Project,ALLEGHNY_6_N002
ALPSLR_1_NTHSLR,Alpaugh North LLC,T0304_7_N003
ALPSLR_1_SPSSLR,Alpaugh 50 LLC,S473_7_N005
ALTMID_2_UNIT 1,ALTAMONT MIDWAY LTD.,ALTMMDW_2_N001
ALTMID_2_WINDA,Sand Hill Wind 1,ALTMMDW_2_N007
APLHIL_1_SLABCK,SLAB CREEK HYDRO,APPLEHL_1_N004
ARVINN_6_ORION1,Orion 1 Solar,S621AC_7_N001
ARVINN_6_ORION2,Orion 2 Solar,S621AC_7_N002
ATWEL2_1_SOLAR1,Atwell West,Q482_7_N001
ATWELL_1_SOLAR,Atwell Island PV Solar Generating Faci.,ATWELL_1_N001
AVENAL_6_AVPARK,Avenal Park Solar Project,AVENAL_6_GN001
AVENAL_6_AVSLR1,Avenal Solar 1,AVENGEN_7_N001
AVENAL_6_AVSLR2,Avenal Solar 2,AVENGEN_7_N002
AVENAL_6_SANDDG,Sand Drag Solar Project,AVENAL_6_GN002
AVENAL_6_SUNCTY,Sun City Solar Project,AVENAL_6_GN003
BAHIA_7_UNITA1,Valero Cogeneration Unit #1,EXXONBH_7_B2
BALCHS_7_UNIT 1,BALCH 1 PH UNIT 1,BALCH1_7_B2
BALCHS_7_UNIT 2,BALCH 2 PH UNIT 2,BLCH38750_7_B1
BALCHS_7_UNIT 3,BALCH 2 PH UNIT 3,BLCH38751_7_B1
BANGOR_6_HYDRO,Virginia Ranch Dam Powerplant,BANGOR_6_N004
BASICE_2_UNITS,CALPINE  AMERICAN  I COGEN.,BAFCOG12_7_B1
BDGRCK_1_UNITS,BADGER CREEK LIMITED,BADGERCK_7_N001
BEARMT_1_UNIT,Bear Mountain Limited,PSE-BEAR_7_B1
BELDEN_7_UNIT 1,BELDEN HYDRO,BELDEN_7_B1
BIOMAS_1_UNIT 1,WOODLAND BIOMASS,WOODLAND_7_B1
BKRFLD_2_SOLAR1,Bakersfield 111,BKR111_7_N002
BLACK_7_UNIT 1,JAMES B. BLACK 1,JBBLACK1_7_B1
BLACK_7_UNIT 2,JAMES B. BLACK 2,JBBLACK2_7_B1
BLCKWL_6_SOLAR1,Blackwell Solar,BLACKWLL_7_N002
BLHVN_7_MENLOP,GAS RECOVERY SYS. (MENLO PARK),BLLEHVN_6_N009
BLULKE_6_BLUELK,Blue Lake Power,BLUELAKE_7_GN001
BNNIEN_7_ALTAPH,ALTA POWER HOUSE,BONNIEN_7_N002
BOGUE_1_UNITA1,Feather River Energy Center Unit #1,FREC_7_B1
BORDEN_2_QF,SMALL QF AGGREGATION - MADERA,BORDEN_2_N008
BOWMN_6_HYDRO,NID Hydro Bowman Powerhouse,BOWMAN_7_N002
BOWMN_6_UNIT,BOWMAN,BOWMAN_7_B1
BRDGVL_7_BAKER,Baker Station Hydro,BRDGVLT_7_N002
BRDSLD_2_HIWIND,High Winds Energy Center,HIGHWNDS_7_B1
BRDSLD_2_MTZUM2,NextEra Energy Montezuma Wind II,MTZUMA2_7_B1
BRDSLD_2_MTZUMA,FPL Energy Montezuma Wind,HIGHWND3_7_GN001
BRDSLD_2_SHILO1,Shiloh I Wind Project,SHILOH_7_B1
BRDSLD_2_SHILO2,SHILOH WIND PROJECT 2,SHILO_7_N002
BRDSLD_2_SHLO3A,Shiloh III Wind Project LLC,SHILOH3_7_N002
BRDSLD_2_SHLO3B,Shiloh IV Wind Project,SHILOH3B_7_N001
BUCKCK_2_HYDRO,Lassen Station Hydro,BCKSCRK_2_N004
BUCKCK_7_OAKFLT,Oak Flat,BCKSCRK_7_N002
BULLRD_7_SAGNES,SAINT AGNES MED. CTR,BULLARD_1_N009
BURNYF_2_UNIT 1,Burney Forest Power,BRNYFRST_7_B1
BUTTVL_7_UNIT 1,BUTT VALLEY HYDRO,BUTTVLLY_7_B1
CALFTN_2_SOLAR,California Flats North,C877P2C2_7_N001
CALPIN_1_AGNEW,Agnews Power Plant,OLS-AGNE_7_N001
CAMPFW_7_FARWST,CAMP FAR WEST HYDRO,CMPFARW_7_B1
CANTUA_1_SOLAR,Cantua Solar Station,CANTGEN_7_N002
CAPMAD_1_UNIT 1,CAPCO MADERA Power Plant,MADERAG_7_B2
CARBOU_7_UNIT 1,CARIBOU PH 1 UNIT 1,CARABOU_7_B12
CASTVL_2_FCELL,PGE CSUEB Hayward Fuel Cell,CASTROVL_2_N009
CAVLSR_2_BSOLAR,California Valley Solar Ranch-Phase B,T0239_7_N002
CAVLSR_2_RSOLAR,California Valley Solar Ranch-Phase A,CAVLSRGN_7_B1
CAYTNO_2_LVCSR1,Livermore Community Solar Farm,CAYETNO_2_N003
CAYTNO_2_VASCO,Vasco Road,CAYETNO_2_N002
CEDRCK_6_UNIT,Water Wheel Ranch,CEDRCRK_6_N001
CHALK_1_UNIT,CHALK CLIFF LIMITED,CHALKCLF_7_N001
CHEVCD_6_UNIT,CHEVRON USA (TAFT/CADET),CADET_6_N002
CHEVCO_6_UNIT 1,CHEVRON USA (COALINGA),DERRICK_6_N003
CHEVCO_6_UNIT 2,AERA ENERGY LLC. (COALINGA),DERRICK_6_N002
CHEVCY_1_UNIT,CHEVRON USA (CYMRIC),CYMRIC_1_N004
CHICPK_7_UNIT 1,Chicago Park Powerhouse,CHIPARK_7_B1
CHWCHL_1_BIOMAS,Chow II Biomass to Energy,CHWCHLA2_7_N001
CHWCHL_1_UNIT,CHOW 2 PEAKER PLANT,CHOWCOGN_7_N001
CLOVDL_1_SOLAR,Cloverdale Solar I,CLOVRDLE_7_N001
CLOVDL_1_SOLAR1,Cloverdale Solar South,CLOVRDLE_7_N003
CLOVER_2_UNIT,Clover Creek,CLOVER_6_N001
CLRKRD_6_COALCN,COAL CANYON HYDRO,CLARKRD_7_N002
CLRKRD_6_LIMESD,Lime Saddle Hydro,CLARKRD_7_N003
CLRMTK_1_QF,SMALL QF AGGREGATION - OAKLAND,CLARMNT_1_N028
CNTRVL_6_UNIT,Centerville,CNTRVL12_7_N002
COCOPP_2_CTG1,Marsh Landing 1,T320BS1_7_B1
COCOPP_2_CTG2,Marsh Landing 2,T320BS2_7_B1
COCOPP_2_CTG3,Marsh Landing 3,T320BS3_7_B1
COCOPP_2_CTG4,Marsh Landing 4,T320BS4_7_B1
COCOPP_7_UNIT 6,CONTRA COSTA UNIT 6,CCOS6_7_B1
COCOPP_7_UNIT 7,CONTRA COSTA UNIT 7,CCOS7_7_B1
COCOSB_6_SOLAR,Oakley Solar Project,CCSUB_6_N024
COGNAT_1_UNIT,Stockton Biomas,COGNTNL_7_B1
COLEMN_2_UNIT,Coleman,COLEMAN_7_B1
COLGA1_6_SHELLW,COALINGA COGENERATION COMPANY,COLNGAGN_7_B1
COLGAT_7_UNIT 1,Colgate Powerhouse Unit 1,COLGATE1_7_B1
COLGAT_7_UNIT 2,Colgate Powerhouse Unit 2,COLGATE2_7_B1
COLNG1_7_DR2,CALIFORNIA PISTACHIO LLC,COLNGA1_6_N006
COLPIN_6_COLLNS,COLLINS PINE,COLLINS_7_N002
CORCAN_1_SOLAR1,CID Solar,CORCORAN_7_N001
CORCAN_1_SOLAR2,Corcoran City,CORCCITY_7_N002
CORRAL_6_SJOAQN,Ameresco San Joaquin,CORRAL1_6_N002
COTTLE_2_FRNKNH,Frankenheimer Power Plant,COTTLE_7_N002
COVERD_2_HCKHY1,HATCHET CREEK,COVERD_7_N002
COVERD_2_MCKHY1,Montgomery Creek Hydro,COVERD_7_N005
COVERD_2_QFUNTS,COVE ROAD HYDRO QF UNITS,COVERD_7_B1
COVERD_2_RCKHY1,ROARING CREEK,COVERD_7_N004
COWCRK_2_UNIT,Cow Creek Hydro,COWCREEK_6_N001
CRESSY_1_PARKER,PARKER POWERHOUSE,CRESSEY_1_N003
CRNEVL_6_CRNVA,Crane Valley ,CRANEVLY_6_N003
CRNEVL_6_SJQN 2,SAN JOAQUIN 2,SJNO2_6_N002
CRNEVL_6_SJQN 3,SAN JOAQUIN 3,CRANEVLY_6_N002
CROKET_7_UNIT,CROCKETT COGEN,CRCKTCOG_7_N001
CRWCKS_1_SOLAR1,Crow Creek Solar 1,CRWCRKGN_7_N001
CSTOGA_6_LNDFIL,Clover Flat Land Fill Gas,CALISTGA_6_N004
CSTRVL_7_LNDFL,Marina Land Fill Gas,CSTRVLLE_1_N005
CSTRVL_7_PL1X2,Marina Land Fill Gas,CSTRVLLE_1_N004
CSTRVL_7_QFUNTS,Castroville QF Aggregate,CSTRVLLE_1_N003
CTNWDP_1_QF,SMALL QF AGGREGATION - BURNEY,COTWDPGE_1_N024
CUMBIA_1_SOLAR,Columbia Solar Energy II,4C687C2_7_N001
CURIS_1_QF,SMALL QF AGGREGATION - MERCED,CURTISS_1_N010
CURTIS_1_CANLCK,Canal Creek Powerhouse,CURTISS_1_N102
CURTIS_1_FARFLD,Fairfield Powerhouse,CURTISS_1_N103
CUYAMS_6_CUYSR1,Cuyama Solar,Q356_7_N001
DAIRLD_1_MD1SL1,Madera 1,DARYLDGN_7_N002
DAIRLD_1_MD2BM1,Madera Digester Genset 2,DAIRYLND_1_N013
DALYCT_1_FCELL,PGE San Francisco State Fuel Cell,DALYCTY_1_N016
DAVIS_1_SOLAR1,Grasslands 3,DAVIS_1_N029
DAVIS_1_SOLAR2,Grasslands 4,DAVIS_1_N030
DAVIS_7_MNMETH,MM Yolo Power LLC,DAVIS_1_N018
DEADCK_1_UNIT,DEADCK_1_UNIT,DEADWOOD_1_N001
DEERCR_6_UNIT 1,DEER CREEK,DEERCRK_7_B1
DEXZEL_1_UNIT,Western Power and Steam Cogeneration,DEXZEL_1_N001
DIABLO_7_UNIT 1,Diablo Canyon Unit 1,DIABLO1_7_B1
DIABLO_7_UNIT 2,Diablo Canyon Unit 2,DIABLO2_7_B1
DINUBA_6_UNIT,DINUBA GENERATION PROJECT,DINUBAE_7_B2
DISCOV_1_CHEVRN,CHEVRON USA (EASTRIDGE),DISCOVRY_7_N002
DIXNLD_1_LNDFL,Zero Waste Energy,ZEROWST_7_N002
DOUBLC_1_UNITS,"DOUBLE ""C"" LIMITED",DOUBLEC_7_B1
DRUM_7_UNIT 5,DRUM PH 2 UNIT 5,DRUM5_7_B1
DSABLA_7_UNIT,De Sabla Hydro,DESABLA_7_B1
DUTCH1_7_UNIT 1,DUTCH FLAT 1 PH,DTCHFLT1_7_B1
DUTCH2_7_UNIT 1,DUTCH FLAT 2 PH,DTCHFLT2_7_B1
EEKTMN_6_SOLAR1,EE K Solar 1,S625_7_N001
ELCAP_1_DR2,UNIVERSITY OF CALIFORNIA MERCED,ELCAPTN_1_N008
ELCAP_1_SOLAR,2097 Helton,ELCAPTN_7_N004
ELDORO_7_UNIT 1,El Dorado Unit 1,ELDORU1_7_B2
ELDORO_7_UNIT 2,El Dorado Unit 2,ELDORU2_7_B2
ELNIDP_6_BIOMAS,El Nido Biomass to Energy,ELNIDBIO_6_N001
EMBARC _2_DR1,C & C INVESTMENTS,EMBRCDR_2_N020
ESQUON_6_LNDFIL,Neal Road Landfill Generating Facility,Q477_7_B1
EXCHEC_7_UNIT 1,EXCHEQUER HYDRO,EXCHQUER_7_B1
EXCLSG_1_SOLAR,Excelsior Solar ,Q678C2_7_N001
FAIRHV_6_UNIT,FAIRHAVEN POWER CO.,FAIRHAVN_7_B1
FAMOSO_7_KMBRLA,Kimberlina Power Plant,FAMOSO_6_N008
FAYETT_1_UNIT,ARCADIAN RENEWABLE POWER CORP,FAYETTE_1_B1
FELLOW_7_QFUNTS,Fellow QF Aggregate,FELLOWSG_7_N002
FLOWD1_6_ALTPP1,ALTAMONT POWER LLC (PARTNERS 1),FLOWND1_1_N01
FLOWD2_2_FPLWND,DIABLO WINDS,FLOWD3-6_7_N100
FLOWD2_2_UNIT 1,SMALL QF AGGREGATION - LIVERMORE,FLOWD3-6_7_N101
FMEADO_6_HELLHL,FMEADO_6_HELLHL,FRNCHMS_6_N005
FMEADO_7_UNIT,FRENCH MEADOWS HYDRO,FRNCHMD_7_B1
FORBST_7_UNIT 1,FORBESTOWN HYDRO,FORBSTWN_7_B1
FORKBU_6_UNIT,HYPOWER INC. (FORKS OF BUTTE),FORKBUTT_7_B1
FRESHW_1_SOLAR1,Corcoran 3,FRWTG1_7_N001
FRIANT_6_UNITS,FRIANT DAM,FRIANTDM_7_B1
FRITO_1_LAY,FRITO-LAY,FRITOLAY_7_N002
FRNTBW_6_SOLAR1,Frontier Blackwell,FNTRG1_7_N001
FROGTN_1_UTICAA,Angels Powerhouse,FROGTOWN_7_N004
FROGTN_1_UTICAM,Murphys Powerhouse,FROGTOWN_7_N005
FROGTN_7_UTICA,FROGTN_7_UTICA,FROGTOWN_7_N003
FTSWRD_6_TRFORK,Three Forks Water Power Project,FRTSWRD_6_GN001
FTSWRD_7_QFUNTS,FTSWRD_7_QFUNTS,FRTSWRD_6_N004
FULTON_1_QF,SMALL QF AGGREGATION - ZENIA,FULTON_1_N020
GANSO_1_WSTBM1,Weststar Dairy Biogas,GANSOGN_7_N001
GATES_2_SOLAR,Gates Solar Station,GATESBK4_7_N002
GATES_2_WSOLAR,West Gates Solar Station,GATESBK4_7_N003
GATES_7_CTG1,Gates Combustion Turbine Unit,WHDGAT2_7_B2
GATES_7_ICE2,Gates Reciprocating Engine Unit,WHDGAT2_7_N102
GEYS11_7_UNIT11,GEYSERS UNIT 11 (HEALDSBURG),GEYSER11_7_B1
GEYS12_7_UNIT12,GEYSERS UNIT 12 (HEALDSBURG),GEYSER12_7_B1
GEYS13_7_UNIT13,GEYSERS UNIT 13 (HEALDSBURG),GEYSER13_7_N001
GEYS14_7_UNIT14,GEYSERS UNIT 14 (HEALDSBURG),GEYSER14_7_N001
GEYS16_7_UNIT16,GEYSERS UNIT 16 (HEALDSBURG),GEYSER16_7_B1
GEYS17_2_BOTRCK,Bottle Rock Geothermal,BOTTLERK_7_N001
GEYS17_7_UNIT17,GEYSERS UNIT 17 (HEALDSBURG),GEYSER17_7_B1
GEYS18_7_UNIT18,GEYSERS UNIT 18 (HEALDSBURG),GEYSER18_7_B1
GEYS20_7_UNIT20,GEYSERS UNIT 20 (HEALDSBURG),GEYSER20_7_B1
GIFENS_6_BUGSL1,Burford Giffen,Q679C2_7_N001
GIFFEN_6_SOLAR,Giffen Solar Station,GIFFGEN_7_N002
GIFFEN_6_SOLAR1,Aspiration Solar G,GIFFGEN_7_N001
GILRPP_1_PL3X4,GILROY ENERGY CENTER UNIT #3,GROYPKR3_7_B1
GOLDHL_1_QF,SMALL QF AGGREGATION - PLACERVILLE,GOLDHILL_1_N033
GONZLS_6_UNIT,Johnson Canyon Landfill,GONZALES_6_N004
GOOSLK_1_SOLAR1,Goose Lake,GOSLKPV_7_N001
GRIDLY_6_SOLAR,GRIDLEY MAIN TWO,GRIDLEY_6_N004
GRIZLY_1_UNIT 1,GRIZZLY HYDRO,GRIZZLYG_7_B1
GRNLF1_1_UNITS,Greenleaf 1,GRNLEAF1_7_N001
GRNLF2_1_UNIT,GREENLEAF II COGEN,GRNLEAF2_7_N001
GRNVLY_1_DR3,CASCADE PROPERTIES LLC,GRNVALY_1_N035
GRNVLY_7_SCLAND,SANTA CRUZ LANDFILL GENERATING PLANT,GRNVALY_1_N025
GRSCRK_6_BGCKWW,BIG CREEK WATER WORKS - CEDAR FLAT,GROUSCRK_6_N002
GRZZLY_1_BERKLY,Berkeley Cogeneration,GRIZZLY_7_N101
GUERNS_6_HD3BM3,Hanford Digester Genset 3,GUERNSEY_6_N007
GUERNS_6_SOLAR,Guernsey Solar Station,GUERSEY_7_N001
GUERNS_6_VH2BM1,Verwey Hanford Dairy Digester Genset 2,GUERSEY_7_N003
GWFPW1_6_UNIT,GWF POWER SYSTEMS INC. #1,GWF#1_7_B1
GWFPW2_1_UNIT 1,GWF POWER SYSTEMS INC. #2,GWF#2_7_B1
GWFPW3_1_UNIT 1,GWF POWER SYSTEMS INC. #3,GWF#3_7_B1
GWFPW4_6_UNIT 1,GWF POWER SYSTEMS INC. #4,GWF#4_7_N001
GWFPW5_6_UNIT 1,GWF POWER SYSTEMS INC. #5,GWF#5_7_B1
GWFPWR_6_UNIT,HANFORD L.P.,AMSTGSW_6_N004
GYSRVL_7_WSPRNG,Warm Springs Hydro,GYSRVLLE_6_N005
HALSEY_6_UNIT,HALSEY HYDRO,HALSEYF_7_B1
HATCR1_7_UNIT,Hat Creek  #1 ,HATCRK1_7_B1
HATCR2_7_UNIT,Hat Creek  #2  ,HATCRK2_7_B1
HATLOS_6_BWDHY1,Bidwell Ditch,HATLOSCK_6_N011
HATLOS_6_LSCRK,Lost Creek 1 & 2 Hydro Conversion,HATLOSCK_6_GN001
HATLOS_6_QFUNTS,HAT CREEK HYDRO QF UNITS,HATLOSCK_6_N001
HATRDG_2_WIND,Hatchet Ridge Wind Farm,HRIDGEGT_6_GN001
HAYPRS_6_QFUNTS,HAYPRESS HYDRO QF UNITS,HAYPRES_7_B1
HELMPG_7_UNIT 1,HELMS PUMP-GEN UNIT 1,HELMS1_7_B1
HELMPG_7_UNIT 2,HELMS PUMP-GEN UNIT 2,HELMS2_7_B1
HELMPG_7_UNIT 3,HELMS PUMP-GEN UNIT 3,HELMS3_7_B1
HENRTA_6_SOLAR1,Lemoore 1,LEMORSLR_7_N001
HENRTA_6_SOLAR2,Westside Solar Power PV1,LEMORSLR_7_N003
HENRTA_6_UNITA1,GWF HENRIETTA PEAKER PLANT UNIT 1,GWFGT1_7_B1
HENRTA_6_UNITA2,GWF HENRIETTA PEAKER PLANT UNIT 2,GWFGT2_7_B1
HENRTS_1_SOLAR,Henrietta Solar Project,HENRTGEN_7_N001
HERDLN_6_SOLAR,GV1,HERDLYN_6_N007
HICKS_7_GUADLP,GAS RECOVERY SYS. (GUADALUPE),HICKS_2_N012
HIGGNS_1_COMBIE,Combie South,HIGGINS_1_GN001
HIGGNS_7_QFUNTS,HIGGNS_7_QFUNTS,HIGGINS_1_N007
HILAND_7_YOLOWD,CLEAR LAKE UNIT 1,HIGHLD_1_N004
HIWAY_7_ACANYN,GAS RECOVERY(AMERICA CANYON),HIGHWAY_1_N003
HMLTBR_6_UNITS,HAMILTON BRANCH PH (AGGREGATE),HAMILBR_7_N002
HOLSTR_1_SOLAR,San Benito Smart Park,HOLLISTR_7_N001
HOLSTR_1_SOLAR2,Hollister Solar,HOLLISTR_7_N004
HUMBPP_1_UNITS3,Humboldt Bay Generating Station 3,HMBUNIT3_7_GN010
HUMBSB_1_QF,SMALL QF AGGREGATION - TRINITY,HMBLDTB_1_N08
HURON_6_SOLAR,Huron Solar Station,HURONGEN_7_ND002
IBMCTL_1_UNIT 1,IBM Cottle,IBM-CTLE_1_N002
IGNACO_1_QF,SMALL QF AGGREGATION - VALLEJO/DINSMORE,IGNACIO_1_N028
INDVLY_1_UNITS,Indian Valley Hydro,INDIANV_7_B1
INSKIP_2_UNIT,INSKIP HYDRO,INSKIP_7_B1
INTTRB_6_UNIT,Intl Wind Turb Research (Dinosaur Point),INTLTUR_6_B1
JAKVAL_2_IONE,JACKSON VALLEY ENERG PTNRS (IONE),IENERGY_7_B1
JAKVAL_6_UNITG1,BUENA VISTA,Q481_7_GN001
JAVASR_1_JAVSR1,Java Solar,Q965C2_7_N001
JAYNE_6_WLSLR,Westlands Solar Farm PV 1,Q633C1_7_N001
JESSUP_1_HUDSON,Kiara Anderson,JESSUP_1_GN001
JRWOOD_1_UNIT 1,SAN JOAQUIN POWER COMPANY,JRWDGEN_1_N001
JVENTR_2_QFUNTS,TRES VAQUEROS WIND QF UNITS,JVENTER_2_N001
KALINA_2_UNIT 1,ALTAMONT COGENERATION CORP.,ALTA-CGE_6_N001
KANAKA_1_UNIT,KANAKA,KANAKA_1_N003
KANSAS_6_SOLAR,RE Kansas South,KANSASGN_7_N002
KEKAWK_6_UNIT,STS HYDROPOWER LTD. (KEKAWAKA),KEKAWAKA_6_N001
KELYRG_6_UNIT,KELLY RIDGE HYDRO,KELLYRDG_7_B1
KERKH1_7_UNIT 1,KERKHOFF PH 1 UNIT #1,KERCK1G1_7_B2
KERKH1_7_UNIT 2,KERKHOFF PH 1 UNIT #2,KERCK1G2_7_B1
KERKH1_7_UNIT 3,KERKHOFF PH 1 UNIT #3,KERCK1G3_7_B1
KERKH2_7_UNIT 1,KERKHOFF PH 2 UNIT #1,KERCKHOF_7_B1
KERMAN_6_SOLAR1,Fresno Solar South,KRMNFCP_7_N002
KERMAN_6_SOLAR2,Fresno Solar West,KRMNFCP_7_N003
KERNFT_1_UNITS,KERN FRONT LIMITED,KERNFRNT_7_B1
KERNRG_1_UNITS,South Belridge Cogen Facility,KERNRDGE_1_N003
KILARC_2_UNIT 1,KILARC HYDRO,KILRC1-2_7_B1
KINGCO_1_KINGBR,Kingsburg Cogen,KINGSBUR_7_B1
KINGRV_7_UNIT 1,KINGS RIVER HYDRO UNIT 1,KINGSRIV_7_B1
KIRKER_1_BATTRY,Black Diamond Energy Storage,BLKDMDBT_7_N002
KIRKER_7_KELCYN,KELLER CANYON LANDFILL GEN FACILICITY,WPBART_1_GN001
KNGBRG_1_KBSLR1,Kingsburg1,KINGSBRG_7_N003
KNGBRG_1_KBSLR2,Kingsburg2,KINGSBRG_7_N002
KNGCTY_6_UNITA1,King City Energy Center Unit #1,KCTYPKER_7_B1
KNTSTH_6_SOLAR,Kent South,S650AB_7_N001
KRNCNY_6_UNIT,KERN CANYON,KRNCNYN_6_N001
LAMONT_1_SOLAR1,Regulus Solar,2C559EQ2_7_N001
LAMONT_1_SOLAR2,Redwood Solar Farm 4,4C744C42_7_N001
LAMONT_1_SOLAR3,Woodmere Solar Farm,4C744C32_7_N001
LAMONT_1_SOLAR4,Hayworth Solar Farm,4C744C22_7_N001
LAMONT_1_SOLAR5,Redcrest Solar Farm,4C744C12_7_N001
LAPAC_6_UNIT,LOUISIANA PACIFIC SAMOA,LPSAMOA_7_N002
LAPLMA_2_UNIT 1,La Paloma Generating Plant Unit #1,LAPLMG1_7_B2
LAPLMA_2_UNIT 2,La Paloma Generating Plant Unit #2,LAPLMG2_7_B2
LAPLMA_2_UNIT 3,La Paloma Generating Plant Unit #3,LAPLMG3_7_B2
LAPLMA_2_UNIT 4,LA PALOMA GENERATING PLANT UNIT #4,LAPLMG4_7_B2
LASSEN_6_AGV1,AGV 1,LASSEN_6_N004
LASSEN_6_UNITS,Honey Lake Power,LASSEN_6_N003
LAWRNC_7_SUNYVL,City of Sunnyvale Unit 1 and 2,LAWRENCE_1_N006
LECEF_1_BATTRY,Calpine Energy Storage Demonstration,LECEFBGN_7_N003
LEPRFD_1_KANSAS,Kansas,S636_7_N001
LEWSTN_7_UNIT 1,LEWISTON HYDRO UNIT 1,LEWISTON_7_N002
LEWSTN_7_WEBRFL,PAN PACIFIC (WEBER FLAT),LEWISTON_7_N003
LFC 51_2_UNIT 1,PATTERSON PASS WIND FARM LLC,ADCC_2_N001
LGRAND_1_DR1,CAMPOS LAND COMPANY,LEGRAND_1_N018
LHILLS_6_SOLAR1,Lost Hills Solar,Q484_7_N001
LIVEOK_6_SOLAR,Harris,LIVEOAK_7_N003
LIVOAK_1_UNIT 1,LIVE OAK LIMITED,PSE-LVOK_7_B1
LMBEPK_2_UNITA1,Lambie Energy Center Unit #1,LAMBGT1_7_B1
LMBEPK_2_UNITA2,Creed Energy Center Unit #1,CREEDGT1_7_GN001
LMBEPK_2_UNITA3,Goose Haven Energy Center Unit #1,GOOSEHGT_7_GN001
LOCKFD_1_BEARCK,Bear Creek Solar,LOCKFORD_7_N003
LOCKFD_1_KSOLAR,Kettleman Solar,LOCKFORD_7_N004
LOWGAP_1_SUPHR,Mill & Sulphur Creek Hydro,LOWGAP1_1_N004
LOWGAP_7_QFUNTS,Matthews Dam Hydro,LOWGAP_7_N002
MAGUND_1_BKISR1,Bakersfield Industrial 1,MAGUNDEN_1_N005
MAGUND_1_BKSSR2,Bakersfield Solar 1,MAGUNDEN_1_N006
MALCHQ_7_UNIT 1,MALACHA HYDRO L.P.,MALCHA_7_B1
MANTEC_1_ML1SR1,Manteca Land 1,MANTECA_1_N033
MARCPW_6_SOLAR1,Maricopa West Solar PV,Q620_7_N001
MARKHM_1_CATLST,SAN JOSE COGEN,CATALYST_7_N002
MARTIN_1_SUNSET,Sunset Reservoir - North Basin,MARTINC_1_GN001
MCARTH_6_BIGVAL,Big Valley Power,MCARTHR_6_N002
MCARTH_6_FRIVRB,Fall River Mills Project B,MCARTHR_6_N003
MCCALL_1_QF,SMALL QF AGGREGATION - FRESNO,MCCALL_1_N093
MCMULN_2_LO2BM1,Lone Oak 2 Digester,MCMULLN2_7_N002
MCSWAN_6_UNITS,MC SWAIN HYDRO,MCSWAIN_6_N001
MENBIO_6_RENEW1,CalRENEW - 1(A),BIOMSJCT_6_GN001
MENBIO_6_UNIT,MENDOTA BIOMASS POWER,BIOPWR_7_N001
MERCED_1_SOLAR1,Mission Solar,MERCED_7_N002
MERCED_1_SOLAR2,Merced Solar,MERCED_7_N003
MERCFL_6_UNIT,Merced Falls Powerhouse,MERCEDFL_7_N002
MESAP_1_QF,SMALL QF AGGREGATION - SAN LUIS OBISPO,MESA-PGE_1_N036
METCLF_1_QF,SMALL QF AGGREGATION - SANTA CLARA WD,METCALF_1_N044
MIDSET_1_UNIT 1,MIDSET COGEN. CO.,TXMIDST_7_N001
MIDWAY_1_QF,SMALL QF AGGREGATION - BAKERSFIELD,MIDWAY_1_N047
MILBRA_1_QF,SMALL QF AGGREGATION - DAILY CITY,MILLBRAE_1_N007
MISSIX_1_QF,SMALL QF AGGREGATION - SAB FRABCUSCI,MISSON_1_N015
MKTRCK_1_UNIT 1,MCKITTRICK LIMITED,PSEMCKIT_7_B1
MLPTAS_7_QFUNTS,MLPTAS_7_QFUNTS,MILPITAS_1_N008
MNDOTA_1_SOLAR1,North Star Solar 1,Q607GEN_7_N002
MNDOTA_1_SOLAR2,Citizen Solar B ,SOLBGEN_7_N001
MNTAGU_7_NEWBYI,GAS RECOVERY SYS. (NEWBY ISLAND 2),MONTAGUE_1_N011
MORBAY_7_UNIT 3,MORRO BAY UNIT 3,MORRO3_7_B1
MORBAY_7_UNIT 4,MORRO BAY UNIT 4,MORRO4_7_B1
MOSSLD_1_QF,SMALL QF AGGREGATION - SANTA CRUZ,MOSSLD_1_N055
MOSSLD_7_UNIT 6,MOSS LANDING UNIT 6,MOSSLND6_7_B2
MOSSLD_7_UNIT 7,MOSS LANDING UNIT 7,MOSSLND7_7_B2
MRLSDS_6_SOLAR1,Morelos Solar,Q775EQ1_7_N002
MSTANG_2_SOLAR,Mustang,Q643WC2_7_N001
MSTANG_2_SOLAR3,Mustang 3,Q643WC2_7_N002
MSTANG_2_SOLAR4,Mustang 4,Q643WC2_7_N003
MTNLAS_6_UNIT,OGDEN POWER PACIFIC INC.(MT LASSEN),PEWWOOD_7_B1
MTNPOS_1_UNIT,MT.POSO COGENERATION CO.,MTPOSO_7_N001
MTNPWR_7_BURNEY,OGDEN POWER PACIFIC INC. (BURNEY),BURNEYQF_6_B2
NAPA_2_UNIT,NAPA HOSPITAL,NAPA_6_N003
NAROW1_2_UNIT,NARROWS PH 1 UNIT,NARROWS1_7_B1
NAROW2_2_UNIT,Narrows Powerhouse Unit 2,NARROWS2_7_B1
NAVY35_1_UNITS,OCCIDENTAL OF ELK HILLS INC.,NAVY35R_7_B1
NEWARK_1_QF,NEWARK 1 QF,NEWARKD_1_N126
NOVATO_6_LNDFL,Redwood Renewable Energy,RDWDLNDF_7_N001
NWCSTL_7_UNIT 1,NEWCASTLE HYDRO,NEWCSTLE_7_B1
OAK C_1_EBMUD,MWWTP PGS 1 - ENGINES,OAKC12_7_N012
OAK C_7_UNIT 1,OAKLAND STATION C GT UNIT 1,OAKLND12_7_N001
OAK C_7_UNIT 2,OAKLAND STATION C GT UNIT 2,OAKLND12_7_N101
OAK C_7_UNIT 3,OAKLAND STATION C GT UNIT 3,OAKLND3_7_N001
OAK L_1_GTG1,MWWTP PGS 2 - Turbine,STATINL_7_GN001
OILDAL_1_UNIT 1,Oildale Energy,OILDALE_1_N101
OILFLD_7_QFUNTS,Nacimiento Hydroelectric Plant,OILFLDS_6_N009
OLDRIV_6_BIOGAS,Bidart Old River 1,OLDRIVR_6_N007
OLDRIV_6_CESDBM,CES Dairy Biogas,OLDRIVR_7_N044
OLDRIV_6_LKVBM1,Lakeview Dairy Biogas,OLDRIVR_7_N033
OLDRV1_6_SOLAR,Old River One,S517_7_N001
OLIVEP_1_BATTRY,White River 2 BESS,Q557_7_N005
OLIVEP_1_SOLAR,White River Solar,S0479_7_N003
OLIVEP_1_SOLAR2,White River West,Q557_7_N001
OLSEN_2_UNIT,OLSEN POWER PARTNERS,OLSEN_6_N001
ORLND_6_SOLAR1,Enerparc California 2,ORLNDB_7_N001
OROLOM_1_SOLAR1,Oro Loma Solar 1,OROLMGN_7_N005
OROLOM_1_SOLAR2,Oro Loma Solar 2,OROLMGN_7_N004
OROSI_6_SOLAR1,Peacock,OROSI_7_N001
OROVIL_6_UNIT,Oroville Cogeneration LP,OROENGY_7_B1
ORTGA_6_ME1SL1,Merced 1,ORTIGAGN_7_N001
OXBOW_6_DRUM,OXBOW HYDRO,OXBOWF_7_B1
OXMTN_6_LNDFIL,Ox Mountain Landfill Generating Plant,OXMOUNTN_6_N001
PACLUM_6_UNIT,Humboldt Redwood,PACLUMB_7_N002
PACORO_6_UNIT,OGDEN POWER PACIFIC INC. (OROVILLE),APTORVC_6_N002
PAIGES_6_SOLAR,Paige Solar,Q526C2_7_N006
PEABDY_2_LNDFIL,G2 Energy Hay Road Power Plant,PEABODY_2_N024
PEABDY_2_LNDFL1,Potrero Hills Energy Producers,PTHLGEN_7_N002
PEORIA_1_SOLAR,Sonora 1,PEORIA_7_N003
PHOENX_1_UNIT,PHOENIX PH,PHOENIX_7_N001
PIT1_6_FRIVRA,Fall River Mills Project A,PIT1_6_N012
PIT1_7_UNIT 1,PIT PH 1 UNIT 1,PIT1U1_7_B1
PIT1_7_UNIT 2,PIT PH 1 UNIT 2,PIT1U1_7_B2
PIT5_7_QFUNTS,PIT 5 HYDRO QF UNITS,PIT5_7_N001
PIT6_7_UNIT 1,PIT PH 6 UNIT 1,PIT6U1_7_B1
PIT6_7_UNIT 2,PIT PH 6 UNIT 2,PIT6U2_7_B1
PIT7_7_UNIT 1,PIT PH 7 UNIT 1,PIT7U1_7_B1
PIT7_7_UNIT 2,PIT PH 7 UNIT 2,PIT7U2_7_B1
PITTSP_7_UNIT 5,PITTSBURG UNIT 5,PTSB5_7_B2
PITTSP_7_UNIT 6,PITTSBURG UNIT 6,PTSB6_7_B2
PITTSP_7_UNIT 7,PITTSBURG UNIT 7,PTS7SWNG_7_B2
PLACVL_1_CHILIB,Chili Bar Hydro,PLCRVLB2_7_N001
PLACVL_1_RCKCRE,Rock Creek Hydro,PLCRVLB2_7_N002
PLSNTG_7_LNCLND,Lincoln Landfill Power Plant,PLSNTGR_6_N013
PMPJCK_1_RB2SLR,Rio Bravo Solar 2,Q972GEN_7_N001
PMPJCK_1_SOLAR1,Pumpjack Solar I,Q653B_7_N001
PMPJCK_1_SOLAR2,Rio Bravo Solar 1,PMPJKG2_7_N001
PNOCHE_1_UNITA1,CalPeak Power Panoche Unit 1,DGPAN1_7_B1
POEPH_7_UNIT 1,POE HYDRO UNIT 1,POE1_7_B1
POEPH_7_UNIT 2,POE HYDRO UNIT 2,POE2_7_B1
POTTER_6_UNITS,Potter Valley,POTTRVLY_7_N002
POTTER_7_VECINO,Vecino Vineyards LLC,POTTRVLY_7_N003
PRNDAL_7_COVANT,COVANTA POWER PACIFIC (SALINAS),PRUNEDLE_1_N004
PSWEET_1_STCRUZ,Santa Cruz Energy LLC,PAULSWT_1_GN002
PSWEET_7_QFUNTS,PSWEET_7_QFUNTS,PAULSWT_1_N013
PUTHCR_1_SOLAR1,Putah Creek Solar Farm,PUTCR_7_N002
RALSTN_6_DR1,SAN MATEO COUNTY COMMUNITY COLLEGE DIST,RALSTTPB_6_N008
RBLUFF_6_SOLAR,2158-Stroing,REDBLFF_6_N008
RCKCRK_7_UNIT 1,ROCK CREEK HYDRO UNIT 1,ROCKCK1_7_B1
RCKCRK_7_UNIT 2,ROCK CREEK HYDRO UNIT 2,ROCKCK2_7_B1
REDBLF_6_UNIT,RED BLUFF PEAKER PLANT,NEORBLF_7_B1
REEDLY_6_SOLAR,Terzian,REEDLEY_7_N002
RICHMN_1_CHVSR2,Chevron 8.5,RICHGN2_7_N001
RICHMN_1_SOLAR,Chevron 2,RICHGEN_7_N002
RICHMN_7_BAYENV,BAY ENVIRONMENTAL (NOVE POWER),RICHMOND_1_N004
RIOBRV_6_UNIT 1,KERN HYDRO (OLCESE),RIOBRVQF_6_N001
RIOOSO_1_QF,SMALL QF AGGREGATION - GRASS VALLEY,RIOOSO_1_N033
RIVRBK_1_LNDFIL,Central Valley Ag Power Oakdale,RVRBANK_1_N010
RNDMTN_2_SLSPHY1,Silver Springs,ROUNDMT_2_N034
ROLLIN_6_UNIT,ROLLINS HYDRO,ROLLINSF_7_B1
RVRVEW_1_UNITA1,Riverview Energy Center (GP Antioch),RIVERVG1_7_B1
SALIRV_2_UNIT,SALINAS RIVER COGEN CO.,SALNRGN_7_B1
SANJOA_1_UNIT 1,SAN JOAQUIN COGEN,SJCOGEN_7_B2
SANLOB_1_LNDFIL,Cold Canyon,SNLSOB_7_N003
SARGNT_2_UNIT,SARGENT CANYON COGEN. COMPANY,SARGCNG_7_B1
SCHNDR_1_FIVPTS,Five Points Solar Station,SCHLNDLR_7_N002
SCHNDR_1_OS2BM2,Open Sky Digester Genset 2,SCHINDLR_1_N021
SCHNDR_1_WSTSDE,Westside Solar Station,SCHLNDLR_7_N003
SEAWST_6_LAPOS,SEA WEST WIND QF AGGREGATION,SEAWEST_6_N001
SGREGY_6_SANGER,Algonquin Power Sanger 2,SANGERCO_7_B1
SIERRA_1_UNITS,HIGH SIERRA LIMITED,HISIERRA_7_B1
SISQUC_1_SMARIA,Santa Maria II LFG Power Plant,SISQUOC_1_GN001
SKERN_6_SOLAR1,South Kern Solar PV Plant,STHKERN_7_N001
SKERN_6_SOLAR2,SKIC Solar,Q885C2_7_N001
SLST13_2_SOLAR1,Quinto Solar PV Project,2C577C1_7_N001
SLYCRK_1_UNIT 1,SLY CREEK HYDRO,SLYCREEK_7_B1
SMARQF_1_UNIT 1,SANTA MARIA COGEN,STMARIA_7_N101
SMPAND_7_UNIT,WHEELABRATOR LASSEN INC.,SMPSN-AN_7_B1
SMPRIP_1_SMPSON,Ripon Cogeneration Unit 1,SPCMPNY_7_B1
SMUDGO_7_UNIT 1,SONOMA POWER PLANT,SMUDGEO1_7_B1
SMYRNA_1_DL1SR1,Delano Land 1,SMYRNA2_1_N009
SMYRNA_1_SOLAR,Peterson Rd 1,SMYRGEN_7_N010
SNDBAR_7_UNIT 1,SANDBAR,SANDBAR_7_B1
SNMALF_6_UNITS,Sonoma County Landfill,SONMALF_7_B1
SNTARA_1_SNMENG,Sonoma County Comprehensive Energy Proj,SNTARSA_1_GN010
SONOMA_1_PN5SR1,Pond 5,SONOMA_1_N077
SOUTH_2_UNIT,SOUTH HYDRO,SOUTHG_7_B1
SPAULD_6_UNIT 3,SPAULDING HYDRO PH 3 UNIT,SPAULD3_7_B1
SPBURN_2_UNIT 1,Burney Biomass,SPI-BURN_7_N003
SPBURN_7_SNOWMT,SPBURN_7_SNOWMT,SPIBURN_7_N004
SPI LI_2_UNIT 1,Lincoln Biomass,SPILINCF_7_N002
SPIAND_1_ANDSN2,SPI Anderson 2,Q643G_7_N001
SPIAND_1_UNIT,SIERRA PACIFIC IND. (ANDERSON),SPIAND1_7_B1
SPIFBD_1_PL1X2,SIERRA PACIFIC IND. (SONORA),FBERBORD_1_N001
SPQUIN_6_SRPCQU,Quincy Biomass,SPI-QUCY_7_N002
SPRGAP_1_UNIT 1,SPRING GAP HYDRO,SPRNGGP_7_B1
SPVUSA_1_SPVSB1,SP PVUSA Solar Farm,Q653FC2_7_N001
SRINTL_6_UNIT,SRI INTERNATIONAL,SRI_6_N004
STANIS_7_UNIT 1,STANISLAUS HYDRO,STANISLS_7_B1
STAUFF_1_UNIT,RHODIA INC. (RHONE-POULENC),STAUFER_7_B1
STNRES_1_UNIT,Covanta Stanislaus,STNSLSRP_7_B1
STOKCG_1_UNIT 1,STOCKTON COGEN CO.,CPCSTCN_7_B1
STOREY_2_MDRCH2,Madera Chowchilla 2,STOREY1_2_N006
STOREY_2_MDRCH3,Madera Chowchilla 3,STOREY1_2_N007
STOREY_2_MDRCH4,Madera Chowchilla 4,STOREY1_2_N008
STOREY_7_MDRCHW,Madera Canal Site 980,STOREY1_2_N003
STROUD_6_SOLAR,Stroud Solar Station,STROUD_6_N003
STROUD_7_DR1,TERRANOVA RANCH INC,STROUD_6_N005
SUISUN_7_CTYFAI,CITY OF FAIRFIELD GENERATION AGGREGATE,SUISUN_1_N010
SUNSET_2_UNITS,MIDWAY SUNSET COGENERATION PLANT,SUNST_2_N006
SWIFT_1_NAS,YERBA BUENA BATTERY,SWIFT_1_GN001
SYCCRK_1_SOLAR1,2143 Dacy,DACYTAP_7_N001
S_RITA_6_SOLAR1,Sun Harvest Solar,SUNHRVST_7_N001
TANHIL_6_SOLART,Berry Cogen 18,SLR-TANN_7_B1
TBLMTN_6_QF,SMALL QF AGGREGATION - PARADISE,TBLEMTN_6_N005
TEMBLR_7_WELLPT,NUEVO ENERGY COMPANY  (WELPORT),TEMBLOR_1_N004
TESLA_1_QF,SMALL QF AGGREGATION - STOCKTON,TESLA_1_N027
THMENG_1_UNIT 1,Tracy Biomass,THEDV_7_B1
TIDWTR_2_UNITS,MARTINEZ COGEN LIMITED PARTNERSHIP,FOSTERW_7_N004
TKOPWR_2_UNIT,TKO POWER,BEARCRK_6_N001
TKOPWR_6_HYDRO,Bear Creek Hydroelectric Project,BEARCRK_6_N010
TMPLTN_2_SOLAR,Vintner Solar,TEMPLE21_7_N002
TOADTW_6_UNIT,TOAD TOWN,TOADTWN_7_N002
TOPAZ_2_SOLAR,Topaz Solar Farms,TOPAZC1_7_N021
TRNQL8_2_AMASR1,Tranquillity 8 Amarillo,Q1032C2_7_N001
TRNQL8_2_AZUSR1,Tranquillity 8 Azul,Q1032C2_7_N002
TRNQL8_2_ROJSR1,Tranquillity 8 Rojo,Q1032C2_7_N003
TRNQL8_2_VERSR1,Tranquillity 8 Verde,Q1032C2_7_N004
TRNQLT_2_SOLAR,Tranquillity,Q643XC2_7_N001
TUPMAN_1_BIOGAS,ABEC Bidart-Stockale #1,TUPMAN_1_N102
TWISSL_6_SOLAR,"Nickel 1 (""NLH1"")",TWISSLMN_6_N005
TWISSL_6_SOLAR1,Coronal Lost Hills,ISIS_7_N002
TX-ELK_6_SOLAR1,Castor,ELKHILLS_7_N001
TXMCKT_6_UNIT,McKittrick Cogen,TEXMCKT_1_N101
ULTOGL_1_POSO,RIO BRAVO POSO,ULTRAOGL_7_N001
ULTPCH_1_UNIT 1,Pacific Ultrapower Chinese Station,CHSTN_7_B1
ULTPFR_1_UNIT 1,Rio Bravo Fresno,ULTPWRJ_1_N001
ULTRCK_2_UNIT,Rio Bravo Rocklin,ULTRRCK_7_N001
UNCHEM_1_UNIT,CONTRA COSTA CARBON PLANT,UNIONCH_7_B1
UNOCAL_1_UNITS,TOSCO (RODEO PLANT),UNOCAL_7_N002
UNTDQF_7_UNITS,UNITED AIRLINES (COGEN),UALCOGN_1_N001
UNVRSY_1_UNIT 1,Berry Cogen 38 - Unit 1,UNIVRSTY_7_B1
USWND1_2_UNITS,US WIND POWER#1(WALKER),USWP-WKR_6_B2
USWND2_1_UNITS,US WIND POWER#2(PATTERSON),USWP-PAT_1_B1
USWND2_1_WIND1,Golden Hills A,CLLCTR2A_7_N001
USWND2_1_WIND2,Golden Hills B,CLLCTR2B_7_N001
USWND2_1_WIND3,Golden Hills C,GLDHLGNC_7_N001
USWND4_2_UNIT2,Altamont Gas Recovery,USWPRLF_2_N004
USWND4_2_UNITS,US WIND POWER#4(RALPH),USWP-RLF_2_N001
USWNDR_2_SMUD,SOLANO WIND FARM,USWINDPW_7_N002
USWNDR_2_SMUD2,Solano Wind Project Phase 3,RUSSEL_7_N007
USWNDR_2_UNITS,US WIND POWER(RUSSELL),USWINDPW_7_N001
USWPFK_6_FRICK,GREEN RIDGE POWER LLC (FRICK),USWP-FRK_6_N001
USWPJR_2_UNITS,Vasco Wind,USWP-JRW_2_N001
VACADX_1_NAS,VACA-DIXON BATTERY,VACADIX_1_N085
VACADX_1_QF,SMALL QF AGGREGATION - VACAVILLE,VACA-DIX_1_N014
VACADX_1_SOLAR,Vaca-Dixon Solar Station,VACADIX_1_GN001
VACADX_1_UNITA1,CalPeak Power Vaca Dixon Unit 1,DGVADIX_7_B1
VEDDER_1_SEKERN,TEXACO EXPLORATION & PROD (SE KERN RIVER,SHL-KRVD_1_N001
VEGA_6_SOLAR1,Vega Solar,Q548_7_N001
VLYHOM_7_SSJID,Woodward Power Plant,VALLYHM_1_N004
VOLTA_2_UNIT 1,VOLTA HYDRO UNIT 1,VOLTA1_7_B1
VOLTA_2_UNIT 2,Volta Hydro Unit 2,VOLTA2_7_N002
VOLTA_6_BAILCK,Bailey Creek Ranch,VOLTA_6_N009
VOLTA_6_DIGHYD,Digger Creek Ranch Hydro,VOLTA_6_N010
VOLTA_7_QFUNTS,VOLTA_7_QFUNTS,VOLTA2_7_N001
WADHAM_6_UNIT,Wadham Energy LP,WADHAM_7_B1
WATSON_1_CICCOG,CALPINE MONTEREY COGEN INC.,CICCOGN_7_N002
WAUKNA_1_SOLAR,Corcoran Solar,WAUKENA_7_N003
WAUKNA_1_SOLAR2,Corcoran 2,CORCRAN2_7_N001
WDFRDF_2_UNIT 1,WDFRDF_2_UNIT 1,WESTFOR_7_N002
WDFRDF_2_UNIT 2,WDFRDF_2_UNIT 2,WESTFOR_7_N001
WDLEAF_7_UNIT 1,WOODLEAF HYDRO,WOODLEAF_7_B1
WEBER_6_FORWRD,Forward,WEBER1_6_N002
WESTPT_2_UNIT,West Point Hydro Plant,WESTPNT_7_B2
WFRESN_1_SOLAR,Joya Del Sol,WSTFRSO_1_N017
WHEATL_6_LNDFIL,G2 ENERGY OSTROM ROAD LLC,WHEATLND_6_N006
WHITNY_6_SOLAR,Whitney Point Solar,Q532C2_7_N001
WISE_1_UNIT 1,Wise Hydro Unit 1,WISE1_7_B1
WISE_1_UNIT 2,WISE HYDRO UNIT 2,WISE2_7_B1
WLDWD_1_SOLAR1,Wildwood Solar I,S654_7_N001
WLDWD_1_SOLAR2,Wildwood Solar 2,WLDWDG2_7_N001
WLLWCR_6_CEDRFL,CEDAR FLAT HYDRO QF AGGREGATION,WILLWCRK_6_N003
WNDMAS_2_UNIT 1,BUENA VISTA ENERGY LLC,WNDMSTR_2_N001
WOLFSK_1_UNITA1,Wolfskill Energy Center Unit #1,WOLFSKIL_7_B1
WOODWR_1_HYDRO,Quinten Luallen,WDWRGEN_7_N002
WRGHTP_7_AMENGY,SMALL QF AGGREGATION - LOS BANOS,WRGHTPP_6_N002
WSENGY_1_UNIT 1,Wheelabrator Shasta,WHEELBR1_7_B1
WSENGY_1_UNIT 4,WHEELABRATOR SHASTA UNIT 4,WHEELBR2_7_B1
YUBACT_1_SUNSWT,YUBA CITY COGEN,YUBACTY_7_B1
YUBACT_6_UNITA1,Yuba City Energy Center (Calpine),YCCOGEN_7_B1
ZOND_6_UNIT,ZOND WINDSYSTEMS INC.,ZONDWD_6_B1
RVSIDE_2_RERCU3,Riverside Energy Res. Ctr Unit 3,RERCU3_7_GN001
RVSIDE_2_RERCU4,Riverside Energy Res. Ctr Unit 4,RERCU4_7_GN001
RVSIDE_6_RERCU1,Riverside Energy Res. Ctr Unit 1,RERCU1_7_B1
RVSIDE_6_RERCU2,Riverside Energy Res. Ctr Unit 2,RERCU2_7_B1
RVSIDE_6_SOLAR1,Tequesquite Landfill Solar Project,GNS1_7_B1
ACACIA_6_SOLAR,West Antelope Solar,ACACIA_7_N001
ALAMIT_7_UNIT 1,ALAMITOS GEN STA. UNIT 1,ALAMT1G_7_B1
ALAMIT_7_UNIT 2,ALAMITOS GEN STA. UNIT 2,ALAMT2G_7_B1
ALAMIT_7_UNIT 3,ALAMITOS GEN STA. UNIT 3,ALAMT3G_7_B1
ALAMIT_7_UNIT 4,ALAMITOS GEN STA. UNIT 4,ALAMT4G_7_B1
ALAMIT_7_UNIT 5,ALAMITOS GEN STA. UNIT 5,ALAMT5G_7_B1
ALAMIT_7_UNIT 6,ALAMITOS GEN STA. UNIT 6,ALAMT6G_7_B1
ALT6DN_2_WIND7,Pinyon Pines 1,ALTAD1_7_N006
ALT6DS_2_WIND9,Pinyon Pines 2,ALTAD2_7_N006
ALTA3A_2_CPCE4,Alta Wind 4,TOT162E1_6_GN001
ALTA3A_2_CPCE5,Alta Wind 5,TOT162E2_6_GN001
ALTA3A_2_CPCE8,Alta Wind 8,TOT162E3_7_N007
ALTA4A_2_CPCW1,Alta Wind 1,TOT162W1_6_GN001
ALTA4B_2_CPCW2,Alta Wind 2,TOT162W2_6_GN001
ALTA4B_2_CPCW3,Alta Wind 3,TOT162W3_6_GN001
ALTA4B_2_CPCW6,Mustang Hills,TOT162W4_7_N001
ALTA6B_2_WIND11,Alta Wind 11,ALTA6B2_7_N003
ALTA6E_2_WIND10,Alta Wind 10,ALTA6E2_7_N002
ALTWD_1_QF,Altwind,ALTWIND_1_N001
ARBWD_6_QF,Wind Resource II,ARBWIND_6_N001
ARCOGN_2_UNITS,WATSON COGENERATION,ARCO1G_7_B1
ASTORA_2_SOLAR1,Astoria 1,ASTORIA1_7_N001
ASTORA_2_SOLAR2,Astoria 2,ASTORIA2_7_N001
AVSOLR_2_SOLAR,AV SOLAR RANCH 1,AVSOLAR_7_N008
BARRE_2_QF,BARRE QFS,BARRE_2_N043
BARRE_6_PEAKER,Barre Peaker,BARPKGEN_7_B1
BIGCRK_7_DAM7,DAM 7 AT BIG CREEK (FISHWATER GEN),BCRK1-2_1_N004
BIGCRK_7_MAMRES,MAMMOTH POOL RESERVOIR (FISHWATER,BCRK1-2_1_N003
BIGSKY_2_BSKSR6,Big Sky Solar 6,BIGSK230_2_N022
BIGSKY_2_BSKSR7,Big Sky Solar 7,BIGSK230_2_N023
BIGSKY_2_BSKSR8,Big Sky Solar 8,BIGSK230_2_N024
BIGSKY_2_SOLAR1,Antelope Big Sky Ranch ,BIGSKGN1_7_N001
BIGSKY_2_SOLAR2,Big Sky Solar 4,BIGSKGN2_7_N001
BIGSKY_2_SOLAR3,Big Sky Summer ,BIGSKGN3_7_N001
BIGSKY_2_SOLAR4,Western Antelope Blue Sky Ranch B,BIGSKGN4_7_N001
BIGSKY_2_SOLAR5,Big Sky Solar 2,BIGSKGN5_7_N001
BIGSKY_2_SOLAR6,Solverde 1,BIGSKGN6_7_N001
BIGSKY_2_SOLAR7,Big Sky Solar 1,BIGSKGN7_7_N001
BISHOP_1_ALAMO,BISHOP CREEK PLANT 2  AND  6,BSPHYD26_7_N001
BISHOP_1_UNITS,BISHOP CREEK PLANT 3  AND  4,BSPHYD34_1_N001
BLAST_1_WIND,Mountain View IV Wind,BLAST_7_N005
BLYTHE_1_CREST,SCE BLYTHE_1_CREST,BLYTHESC_1_N007
BLYTHE_1_SOLAR1,Blythe Solar 1 Project,BLYTHESC_1_GN001
BLYTHE_1_SOLAR2,Blythe Green 1,BLYTHESC_1_N008
BUCKWD_1_NPALM1,North Palm Springs 1A,BUCKWND_1_N201
BUCKWD_1_QF,Buckwind Re-powering project,BUCKWND_1_N001
BUCKWD_7_WINTCV,Wintec Energy Ltd.,BUCKWND_1_N101
CABZON_1_WINDA1,Cabazon Wind Project,CABAZON_7_B1
CAMLOT_2_SOLAR1,Camelot,COLCT334_7_N001
CAMLOT_2_SOLAR2,Columbia Two,SUB434_7_N001
CAMLOT_2_SOLAR3,Yakima,COLCT234_7_N001
CAPWD_1_QF,Edom Hills Wind Farm,CAPWIND_1_B1
CARODN_2_CREST,CARODN_2_CREST,CARODEAN_1_N010
CATLNA_2_SOLAR,Catalina Solar - Phases 1 and 2,CATALGEN_7_N001
CATLNA_2_SOLAR2,Catalina Solar 2,CATALNA2_7_N001
CEDUCR_2_SOLAR1,Ducor Solar 1,DUCORGN1_7_N001
CEDUCR_2_SOLAR2,Ducor Solar 2,DUCORGN2_7_N001
CEDUCR_2_SOLAR3,Ducor Solar 3,DUCORGN3_7_N001
CEDUCR_2_SOLAR4,Ducor Solar 4,DUCORGN4_7_N001
CENTER_2_PPCCOG,PPC COGEN POWER EXPORT,CENTERS_6_N009
CENTER_2_QF,CENTER QFS,CENTERS_6_N004
CENTER_2_RHONDO,MWD Rio Hondo Hydroelectric Recovery Pla,CENTERS_6_N008
CENTER_2_SOLAR1,Pico Rivera,CENTERS_6_N010
CENTER_2_TECNG1,Technicast,CENTERS_2_N036
CENTER_6_PEAKER,Center Peaker,CTRPKGEN_7_B1
CHEVMN_2_UNITS,CHEVRON U.S.A. UNITS 1 & 2 AGGREGATE,CHEVMAIN_6_N004
CHINO_2_APEBT1,Pomona Energy Storage,ALTAPES_7_N001
CHINO_2_JURUPA,Jurupa,CHINO_6_N020
CHINO_2_LNDFIL,Spadra Gas-to-Energy Facility,CHINO_6_N108
CHINO_2_QF,CHINO QFS,CHINO_6_N003
CHINO_2_SASOLR,SS San Antonio West LLC,CHINO_6_N019
CHINO_2_SOLAR,Chino RT Solar 1,CHINO_6_GN001
CHINO_2_SOLAR2,Kona Solar - Terra Francesca,CHINO_6_N033
CHINO_6_CIMGEN,O.L.S. ENERGY COMPANY -- CHINO,CIMGEN_7_B1
CHINO_6_SMPPAP,AltaGas Pomona Energy,SIMPSON_7_B1
CHINO_7_MILIKN,MN Milliken Genco LLC,CHINO_6_N009
CONTRL_1_CASAD1,Mammoth G1,CONTROLX_1_N008
CONTRL_1_CASAD2,Mammoth G2,CONTROLX_1_N009
CONTRL_1_CASAD3,Mammoth G3,CONTROLX_1_N010
CONTRL_1_LUNDY,LUNDY,CONTROLX_1_N003
CONTRL_1_OXBOW,OXBOW GEOTHERMAL CORPORATION,CONTROL_1_N034
CONTRL_1_POOLE,POOLE HYDRO PLANT 1,CONTROLX_1_N004
CONTRL_1_QF,CONTROL QFS,CONTROLX_1_N002
CONTRL_1_RUSHCK,RUSH CREEK,CONTROLX_1_N005
CONTRL_7_CREST,SCE CONTRL_7_CREST,CONTROL_7_N021
COPMT2_2_SOLAR2,CMS2,LSCM92_7_N005
COPMT4_2_SOLAR4,Copper Mountain Solar 4,LSQ855_7_N001
COPMTN_2_CM10,Copper Mountain 10,COPPERMT_7_N002
COPMTN_2_SOLAR1,Copper Mountain 48,COPPERMT_6_GN001
CORONS_2_SOLAR,Master Development Corona,CLEARGEN_6_N004
CORONS_2_SOLAR2,Quarry Corona,CLEARGEN_6_N005
CWATER_7_CT31,COOLWATER CTG 31,ALTA31GT_7_B1
CWATER_7_CT32,COOLWATER CTG 32,ALTA32GT_7_B1
CWATER_7_CT41,COOLWATER CTG 41,ALTA41GT_7_B1
CWATER_7_CT42,COOLWATER CTG 42,ALTA42GT_7_B1
CWATER_7_ST30,COOLWATER STG 30,ALTA30ST_7_B1
CWATER_7_ST40,COOLWATER STG 40,ALTA40ST_7_B1
CWATER_7_UNIT 1,COOLWATER GEN STA. UNIT 1,ALTA1G_7_B1
CWATER_7_UNIT 2,COOLWATER GEN STA. UNIT 2,ALTA2G_7_B1
DELAMO_2_SOLAR1,Golden Springs Building H,DELAMO_2_N060
DELAMO_2_SOLAR2,Golden Springs Building M,DELAMO_2_N061
DELAMO_2_SOLAR3,Golden Springs Building G,DELAMO_2_N071
DELAMO_2_SOLAR4,Golden Springs Building F,DELAMO_2_N072
DELAMO_2_SOLAR5,Golden Springs Building L,DELAMO_2_N073
DELAMO_2_SOLAR6,Freeway Springs,DELAMO_2_N074
DELAMO_2_SOLRC1,Golden Springs Building C1,DELAMO_2_N051
DELAMO_2_SOLRD,Golden Solar Building D,DELAMO_2_N050
DELSUR_6_BSOLAR,Central Antelope Dry Ranch B,DELSURC2_7_N003
DELSUR_6_DRYFRB,Dry Farm Ranch B ,DELSURC1_7_N003
DELSUR_6_SOLAR1,Summer Solar North ,DELSUR_6_N008
DEVERS_1_SEPV05,SEPV 5,DEVERS_1_N057
DEVERS_1_SOLAR,Cascade Solar,DEVERS_2_N072
DEVERS_1_SOLAR1,SEPV8,DEVERS_1_N103
DEVERS_1_SOLAR2,SEPV9,DEVERS_1_N102
DEVERS_2_DHSPG1,Desert Hot Springs 1 (5612),DEVERS_2_N117
DEVERS_2_DHSPG2,Desert Hot Springs 2,DEVERS_1_N081
DEVERS_2_SOLAR3,Joshua Tree Solar,DEVERS_1_N111
DRACKR_2_SOLAR1,Dracker Solar Unit 1,BLYTHES1_7_N001
DRACKR_2_SOLAR2,Dracker Solar Unit 2,DRACKRS2_7_N002
DTCHWD_2_BT3WND,Brookfield Tehachapi 3,BROOKGEN_7_N003
DTCHWD_2_BT4WND,Brookfield Tehachapi 4,BROOKGEN_7_N002
EAGLMT_2_CREST,SCE EAGLMT_2_CREST,EAGLMTC1_6_N001
EASTWD_7_UNIT,EASTWOOD PUMP-GEN,EASTWOOD_7_B1
ELLIS_2_QF,ELLIS QFS,ELLIS_6_N003
ELLIS_2_SANO,SANO REGULATION CENTER (BATTERY),ELLIS_6_N006
ELNIDS_2_DODPEV,Los Angeles Air Force Base,ELNIDO_2_N031
ELSEGN_7_UNIT 3,EL SEGUNDO GEN STA. UNIT 3,ELSEG3G_7_B1
ELSEGN_7_UNIT 4,EL SEGUNDO GEN STA. UNIT 4,ELSEG4G_7_B1
ENWIND_2_WIND1,Cameron Ridge,ENCANWND_6_N002
ENWIND_2_WIND2,Ridgetop I,ENCANWND_6_N003
ESNHWR_1_PSMUNI,Municipal,EISENHOW_1_N031
ETIWND_2_CHMPNE,Champagne,ETIWANDA_6_N019
ETIWND_2_FONTNA,FONTANALYTLE CREEK POWERHOUSE P,ETIWANDA_6_N008
ETIWND_2_QF,ETIWANDA QFS,ETIWANDA_6_N004
ETIWND_2_RTS010,SPVP010 Fontana RT Solar,ETIWANDA_6_GN001
ETIWND_2_RTS015,SPVP015,ETIWANDA_6_N018
ETIWND_2_RTS017,SPVP017,ETIWANDA_6_N016
ETIWND_2_RTS018,SPVP018 Fontana RT Solar,ETIWANDA_6_GN002
ETIWND_2_RTS023,SPVP023 Fontana RT Solar,ETIWANDA_6_GN003
ETIWND_2_RTS026,SPVP026,ETIWANDA_6_N015
ETIWND_2_RTS027,SPVP027,ETIWANDA_6_N017
ETIWND_2_SOLAR,FONTANA RT SOLAR,ETIWANDA_6_N011
ETIWND_2_SOLAR1,Dedeaux Ontario,ETIWANDA_6_N020
ETIWND_2_SOLAR2,Rochester,ETIWANDA_6_N021
ETIWND_2_SOLAR4,Philadelphia Avenue,ETIWANDA_2_N108
ETIWND_2_SOLAR5,Dulles,ETIWANDA_6_N022
ETIWND_2_SOLAR6,Elm Fontana,ETIWANDA_6_N024
ETIWND_2_SOLAR7,Barrington Ontario,ETIWANDA_6_N025
ETIWND_2_SOLAR8,Sierra Fontana,ETIWANDA_2_N109
ETIWND_2_SOLAR9,Cherry Fontana,ETIWANDA_2_N001
ETIWND_2_UNIT1,New-Indy Ontario LLC,ETIWANDA_6_N023
ETIWND_6_GRPLND,Grapeland Peaker,ETWPKGEN_7_B1
ETIWND_6_MWDETI,ETIWANDA RECOVERY HYDRO,ETIWANDA_6_N006
ETIWND_7_MIDVLY,MN Mid Valley Genco  LLC,ETIWANDA_6_N007
ETIWND_7_UNIT 3,ETIWANDA GEN STA. UNIT 3,MTNVIST3_7_B1
ETIWND_7_UNIT 4,ETIWANDA GEN STA. UNIT 4,MTNVIST4_7_B1
FLOWD_2_WIND1,Cameron Ridge 2,FLOWIND_6_N003
GALE_1_SEGS1,SUNRAY ENERGY INC. - SEGS 1,SEGS1G_7_B1
GALE_1_SR3SR3,Sunray 3,SUNRAYGN_7_N001
GARLND_2_GASLR,Garland B,GASLRGN_7_N001
GARLND_2_GASLRA,Garland A,GASLRAGN_7_N001
GARNET_1_SOLAR,North Palm Springs 4A,GARNET_7_N008
GARNET_1_SOLAR2,Garnet Solar Power Generation Station 1,GARNET_7_N011
GARNET_1_UNITS,GARNET GREEN POWER PROJECT AGGREGATE,GARNET_7_N003
GARNET_1_WIND,GARNET WIND ENERGY CENTER,GARNET_7_N006
GARNET_1_WINDS,Garnet Winds Aggregation,GARNET_7_N007
GARNET_1_WT3WND,Wagner Wind,GARNET_7_N009
GARNET_2_DIFWD1,Difwind,GARNET_7_N018
GARNET_2_HYDRO,Whitewater Hydro,GARNET_7_N017
GARNET_2_WIND1,Phoenix,GARNET_7_N013
GARNET_2_WIND2,Karen Avenue Wind Farm,GARNET_7_N012
GARNET_2_WIND3,San Gorgonio East,GARNET_7_N015
GARNET_2_WIND4,Windustries,GARNET_7_N014
GARNET_2_WIND5,Eastwind,GARNET_7_N016
GARNET_2_WPMWD6,Wintec Palm,GARNET_7_N019
GASKW1_2_GW1SR1,Gaskell West 1,GASKW1B2_7_N003
GLDFGR_6_SOLAR1,Portal Ridge B,PORTRDGB_7_N008
GLDFGR_6_SOLAR2,Portal Ridge C,PORTRDGC_7_N009
GLDTWN_6_COLUM3,Columbia 3,GLDTGEN_7_N003
GLDTWN_6_SOLAR,Rio Grande,GLDTGEN_7_N002
GLOW_6_SOLAR,Antelope Power Plant,TOT427A_7_N001
GOLETA_2_QF,GOLETA QFS,GOLETA_6_N002
GOLETA_6_ELLWOD,ELLWOOD ENERGY SUPPORT FACILITY,GOLETA_6_N100
GOLETA_6_EXGEN,EXXON COMPANY USA,GOLETA_6_N004
GOLETA_6_GAVOTA,Point Arguello Pipeline Company,GOLETA_6_N003
GOLETA_6_TAJIGS,GOLETA_6_TAJIGS,GOLETA_6_N022
HARBGN_7_UNIT 1,Harbor Cogen Unit 1,HARBORG_7_B2
HARBGN_7_UNIT 2,Harbor Cogen Unit 2,HARBORG_7_B3
HARBGN_7_UNIT 3,Harbor Cogen Unit 3,HARBORG_7_B4
HINSON_6_CARBGN,BP WILMINGTON CALCINER,CARBOGEN_7_B1
HINSON_6_LBECH1,Long Beach Unit 1,LBEACH1G_7_N001
HINSON_6_LBECH2,Long Beach Unit 2,LBEACH2G_7_N001
HINSON_6_LBECH3,Long Beach Unit 3,LBEACH3G_7_N001
HINSON_6_LBECH4,Long Beach Unit 4,LBEACH4G_7_N001
HINSON_6_SERRGN,CITY OF LONG BEACH,SERRFGEN_7_B1
HNTGBH_7_UNIT 1,HUNTINGTON BEACH GEN STA. UNIT 1,HUNT1G_7_B1
HNTGBH_7_UNIT 2,HUNTINGTON BEACH GEN STA. UNIT 2,HUNT2G_7_B1
HNTGBH_7_UNIT 3,HUNTINGTON BEACH GEN STA. UNIT 3,HUNT3G_7_B1
HNTGBH_7_UNIT 4,HUNTINGTON BEACH GEN STA. UNIT 4,HUNT4G_7_B1
HOLGAT_1_BORAX,U.S. Borax Unit 1,HOLGATE_1_N004
HOLGAT_1_MOGEN,MOJAVE COGENERATION CO. LP,HOLGATE_1_N001
INDIGO_1_UNIT 1,INDIGO PEAKER UNIT 1,INDIGOG1_7_B1
INDIGO_1_UNIT 2,INDIGO PEAKER UNIT 2,INDIGOG2_7_B1
INDIGO_1_UNIT 3,INDIGO PEAKER UNIT 3,INDIGOG3_7_B1
INLDEM_5_UNIT 1,Inland Empire Energy Center Unit 1,INLANDG1_7_N002
INLDEM_5_UNIT 2,Inland Empire Energy Center Unit 2,INLANDG2_7_N002
IVANPA_1_UNIT1,Ivanpah 1,TOT180_7_N002
IVANPA_1_UNIT2,Ivanpah 2,TOT210S1_7_N002
IVANPA_1_UNIT3,Ivanpah 3,TOT242GN_7_N002
JAWBNE_2_NSRWND,North Sky River Wind Project,TOT179A_7_N001
JAWBNE_2_SRWND,Sky River,SKYRIVER_2_N003
JOHANN_6_QFA1,JOHANNA QF,JOHANNA_2_N013
KERRGN_1_UNIT 1,KERN RIVER HYDRO UNITS 1-4 AGGREGATE,KERNRVR_6_N001
KNGBRD_2_SOLAR1,Kingbird Solar A,TOT544L_7_N001
KNGBRD_2_SOLAR2,Kingbird Solar B,TOT545L_7_N001
KRAMER_1_KJ5SR5,Kramer Junction 5,SUNGEN5G_7_N001
KRAMER_1_SEGS37,LUZ SOLAR PARTNERS 3-7 AGGREGATE,SUNGEN_1_B1
KRAMER_1_SEGSR3,Kramer Junction 3 ,SUNGEN3G_7_N001
KRAMER_1_SEGSR4,Kramer Junction 4,SUNGEN4G_7_N001
LACIEN_2_VENICE,MWD Venice Hydroelectric Recovery Plant,LCIENEGA_6_N005
LAFRES_6_QF,LA FRESA QFS,LAFRESA_6_N003
LAGBEL_2_SOLAR,Commerce Kinmont Solar Project,LAGUBELL_6_N007
LAGBEL_2_STG1,Bell Bandini Commerce Refuse,LAGUBELL_6_N212
LAGBEL_6_QF,LAGUNA BELL QFS,LAGUBELL_6_N005
LGHTHP_2_SOLAR,Prologis Carson,LITEHIPE_2_N041
LGHTHP_2_SOLAR1,Boomer Trojan,LITEHIPE_2_N001
LGHTHP_6_ICEGEN,CARSON COGENERATION,ICEGEN_7_B1
LGHTHP_6_QF,LIGHTHIPE QFS,LITEHIPE_6_N006
LITLRK_6_CREST,SCE LITLRK_6_CREST,LITLRKC1_7_N002
LITLRK_6_GBCSR1,Green Beanworks C,LITLRKC1_7_N007
LITLRK_6_SEPV01,Gestamp Solar 1,LITTLERK_6_N016
LITLRK_6_SOLAR1,Lancaster Little Rock C ,LITLRKC1_7_N003
LITLRK_6_SOLAR2,Palmdale 18,LITTLERK_6_N019
LITLRK_6_SOLAR3,One Ten Partners,LITLRKC1_7_N004
LITLRK_6_SOLAR4,Little Rock Pham Solar,LITLRKC1_7_N005
LNCSTR_6_CREST,Lanacaster Aggregate Solar Resources,LNCSTRC1_7_N002
LNCSTR_6_DIVSR1,Division Solar,LNCSTRC1_7_N004
LNCSTR_6_SOLAR,Sierra Sun Tower LLC,LNCSTR_7_NODE1
LNCSTR_6_SOLAR2,SEPV Sierra,LNCSTRC1_7_N003
MANZNA_2_WIND,Manzana Wind,TOT108_2_N006
MCGEN_1_UNIT,ACE COGENERATION,MCGEN_7_B1
MESAS_2_QF,MESA QFS,MESACAL_6_N004
MIDWD_2_WIND1,Windland Refresh 2,MIDWIND_6_N004
MIDWD_2_WIND2,Coram Energy,MIDWIND_6_N005
MIDWD_6_WNDLND,Windland Refresh 1,MIDWIND_6_N003
MIDWD_7_CORAMB,CELLC 7.5 MW Tehachapi Project,MIDWIND _6_GN001
MIRLOM_2_CORONA,MWD Corona Hydroelectric Recovery Plant,MIRALOMA_6_N009
MIRLOM_2_CREST,SCE MIRLOM_2_CREST,MIRALOMA_6_N014
MIRLOM_2_LNDFL,Milliken Landfill Solar,MIRALOMA_6_N207
MIRLOM_2_MLBBTA,Mira Loma BESS A,MIRALOMA_6_N208
MIRLOM_2_MLBBTB,Mira Loma BESS B,MIRALOMA_6_N209
MIRLOM_2_ONTARO,Ontario RT Solar,MIRALOMA_6_GN001
MIRLOM_2_RTS032,SPVP032,MIRALOMA_6_N013
MIRLOM_2_RTS033,SPVP033,MIRALOMA_6_N012
MIRLOM_2_SOLAR1,1050 South Dupont,MIRALOM_2_N260
MIRLOM_2_TEMESC,MWD Temescal Hydroelectric Recovery Plan,MIRALOMA_6_N010
MIRLOM_6_DELGEN,CORONA ENERGY PARTNERS LTD.,MIRALOMA_6_N002
MIRLOM_6_PEAKER,Mira Loma Peaker,MRLPKGEN_7_B1
MIRLOM_7_MWDLKM,Lake Mathews Hydroelectric Recovery Plan,MIRALOMA_6_N007
MNDALY_6_MCGRTH,McGrath Beach Peaker,MCGPKGEN_7_B1
MNDALY_7_UNIT 1,MANDALAY GEN STA. UNIT 1,MANDLY1G_7_B1
MNDALY_7_UNIT 2,MANDALAY GEN STA. UNIT 2,MANDLY2G_7_B1
MNDALY_7_UNIT 3,MANDALAY GEN STA. UNIT 3,MANDLY3G_7_B1
MOJAVW_2_SOLAR,Mojave West,SUNSPTA_7_N002
MONLTH_6_BATTRY,Tehachapi Storage Project,MONOLITH_6_N102
MONLTH_6_BOREL,BOREL HYDRO UNITS 1-3 AGGREGATE,LOR-BOR_6_N002
MONLTS_2_MONWD4,Monolith 4,MONLTS12_7_N003
MONLTS_2_MONWD5,Monolith 5,MONLTS12_7_N004
MONLTS_2_MONWD6,Monolith 6,MONLTS12_7_N005
MONLTS_2_MONWD7,Monolith 7,MONLTS12_7_N006
MOORPK_2_CALABS,Calabasas Gas-to-Energy Facility,MOORPARK_6_GN010
MOORPK_2_CREST,SCE MOORPK_2_CREST,MOORPARK_2_N062
MOORPK_6_QF,MOORPARK QFS,MOORPARK_6_N005
MOORPK_7_UNITA1,WEME- Simi Valley Landfill,MOORPARK_6_N006
MORWD_6_QF,Morwind,MORWIND_6_N001
MTWIND_1_UNIT 1,Mountain View Power Project I,MTWND1-2_7_N001
MTWIND_1_UNIT 2,Mountain View Power Project II,MTWND1-2_7_N101
MTWIND_1_UNIT 3,Mountain View Power Project III,MTWND3_7_N001
NEENCH_6_SOLAR,Alpine Solar,NEENACH_6_N008
NEENCH_6_SOLAR1,Neenach Solar 1B South,NEENCHGN_7_N001
NZWIND_2_WDSTR5,Windstream 6111,ZONDWIND_6_N006
NZWIND_6_CALWND,Wind Resource I,NORTHWND_6_N002
NZWIND_6_WDSTR,Windstream 39,ZONDWIND_6_N002
NZWIND_6_WDSTR2,Windstream 6040,ZONDWIND_6_N003
NZWIND_6_WDSTR3,Windstream 6041,ZONDWIND_6_N004
NZWIND_6_WDSTR4,Windstream 6042,ZONDWIND_6_N005
OAKWD_6_QF,Oak Creek,SOAKWND_6_N001
OAKWD_6_ZEPHWD,Zephyr Park,SOAKWND_6_N002
OASIS_6_CREST,CREST Contracts,OASISC1_7_N002
OASIS_6_GBDSR4,Green Beanworks D,OASISC1_7_N005
OASIS_6_SOLAR1,Morgan Lancaster I,OASISC1_7_N003
OASIS_6_SOLAR2,Oasis Solar,OASISG2_7_N001
OASIS_6_SOLAR3,Soccer Center,OASISC1_7_N004
OLINDA_2_COYCRK,MWD Coyote Creek Hydroelectric Recovery ,OLINDA_6_N008
OLINDA_2_LNDFL2,Brea Power II,OLINDA_6_N009
OLINDA_2_QF,OLINDA QFS,OLINDA_6_N004
OLINDA_7_BLKSND,BlackSand Generating Facility,OLINDA_6_N007
OLINDA_7_LNDFIL,OLINDA_7_LNDFIL,OLINDA_6_N002
OMAR_2_UNIT 1,KERN RIVER COGENERATION CO. UNIT 1,OMAR1G_7_B1
OMAR_2_UNIT 2,KERN RIVER COGENERATION CO. UNIT 2,OMAR2G_7_B1
OMAR_2_UNIT 3,KERN RIVER COGENERATION CO. UNIT 3,OMAR3G_7_B1
OMAR_2_UNIT 4,KERN RIVER COGENERATION CO. UNIT 4,OMAR4G_7_B1
ORMOND_7_UNIT 1,ORMOND BEACH GEN STA. UNIT 1,ORMOND1G_7_B1
ORMOND_7_UNIT 2,ORMOND BEACH GEN STA. UNIT 2,ORMOND2G_7_B1
PADUA_2_CREST,SCE PADUA_2_CREST,PADUA_2_N019
PADUA_2_ONTARO,ONTARIO/SIERRA HYDRO PSP,PADUA_6_N007
PADUA_2_SOLAR1,Kona Solar - Rancho DC #1,PADUA_6_N009
PADUA_6_MWDSDM,San Dimas Hydroelectric Recovery Plant,PADUA_6_N006
PADUA_6_QF,PADUA QFS,PADUA_6_N004
PADUA_7_SDIMAS,San Dimas Wash Hydro,PADUA_6_N008
PANSEA_1_PANARO,Mesa Wind Project,PANAERO_1_N001
PBLOSM_2_SOLAR,PearBlossom,2PBLSM34_7_N001
PICO_6_THUMS1,THUMS GENERATION FACILITY #1,PICOTHM_7_B1
PLAINV_6_BSOLAR,Western Antelope Blue Sky Ranch A ,BLUESKY_7_N001
PLAINV_6_DSOLAR,Western Antelope Dry Ranch ,DRYRANCH_7_N001
PLAINV_6_NLRSR1,North Lancaster Ranch ,NLANCRAN_7_N001
PLAINV_6_SOLAR3,Sierra Solar Greenworks LLC,SIERRA_7_N001
PLAINV_6_SOLARC,Central Antelope Dry Ranch C,CENTANTE_7_N001
PMDLET_6_SOLAR1,SEPV Palmdale East LLC,WDT404L_7_N001
PWEST_1_UNIT,PACIFIC WEST 1 WIND GENERATION,GARNET_1_N106
RDWAY_1_CREST,CREST Contracts,ROADWAY_1_N013
RECTOR_2_CREST,Rector Aggregate Solar Resources,RECTOR_6_N020
RECTOR_2_KAWEAH,KAWEAH PH 2 & 3 PSP AGGREGATE,RECTOR_6_N008
RECTOR_2_KAWH 1,KAWEAH PH 1 UNIT 1,RECTOR_6_N007
RECTOR_2_QF,RECTOR QFS,RECTOR_6_N004
RECTOR_7_TULARE,MM Tulare ,RECTOR_6_N009
REDMAN_2_SOLAR,Lancaster East Avenue F,REDMGEN_7_N001
REDOND_7_UNIT 5,REDONDO GEN STA. UNIT 5,REDON5G_7_B1
REDOND_7_UNIT 6,REDONDO GEN STA. UNIT 6,REDON6G_7_B1
REDOND_7_UNIT 7,REDONDO GEN STA. UNIT 7,REDON7G_7_B1
REDOND_7_UNIT 8,REDONDO GEN STA. UNIT 8,REDON8G_7_B1
RENWD_1_QF,Renwind re-powering project,RENWIND_1_N001
RHONDO_2_QF,RIO HONDO QFS,RIOHONDO_6_N004
RHONDO_6_PUENTE,Puente Hills GTE Facility Phase II,RIOHONDO_6_N007
ROSMDW_2_WIND1,Pacific Wind - Phase 1,TOT148A_7_N001
ROSMND_6_SOLAR,Lancaster B,ROSAMOND_6_N030
RSMSLR_6_SOLAR1,Rosamond One,DAWNLS_7_N001
RSMSLR_6_SOLAR2,Rosamond Two,TWILGHTL_7_N001
RTEDDY_2_SOLAR1,Rosamond West Solar 1,SGSAVF1_7_N001
RTEDDY_2_SOLAR2,Rosamond West Solar 2,SGSAVF2_7_N001
RTEDDY_2_SOLAR3,Rosamond Phase III,SGSAVF3_7_N001
RTEDDY_2_SOLAR4,Rosamond Phase IV,SGSAVF4_7_N001
RTREE_2_WIND1,Rising Tree 1,RSTREF2_7_N001
RTREE_2_WIND2,Rising Tree 2,RSTREF3_7_N001
RTREE_2_WIND3,Rising Tree 3,RSTREF1_7_N001
SANTGO_2_LNDFL1,Bowerman Power,SANTIAGO_6_N025
SANTGO_2_MABBT1,Millikan Avenue BESS,SANTIAGO_6_N026
SANWD_1_QF,San Gorgonio Farms Wind Farm,SANWIND_1_N001
SAUGUS_2_TOLAND,Toland Landfill gas to Energy Project,SAUGUS_7_NODE1
SAUGUS_6_CREST,East Portal Hydro,SAUGUS_6_N015
SAUGUS_6_MWDFTH,Foothill Hydroelectric Recovery Plant,SAUGUS_6_N009
SAUGUS_6_PTCHGN,COUNTY OF LOS ANGELES -- PITCHLE,PITCHGEN_7_B1
SAUGUS_6_QF,SAUGUS QFS,SAUGUS_6_N008
SAUGUS_7_CHIQCN,Chiquita Canyon Landfill Fac,SAUGUS_6_N012
SAUGUS_7_LOPEZ,MM Lopez Energy,SAUGUS_6_N010
SBERDO_2_QF,SAN BERADINO QFS,SANBRDNO_6_N005
SBERDO_2_REDLND,Redlands RT Solar,SANBRDNO_6_GN001
SBERDO_2_RTS005,SPVP005 Redlands RT Solar,SANBRDNO_6_GN002
SBERDO_2_RTS007,SPVP007 Redlands RT Solar,SANBRDNO_6_GN003
SBERDO_2_RTS011,SPVP011,SANBRDNO_6_N014
SBERDO_2_RTS013,SPVP013,SANBRDNO_6_GN004
SBERDO_2_RTS016,SPVP016 Redlands RT Solar,SANBRDNO_6_GN005
SBERDO_2_RTS048,SPVP048,SANBRDNO_2_N211
SBERDO_2_SNTANA,SANTA ANA PSP,SANBRDNO_6_N007
SBERDO_2_SOLAR1,Redlands,SANBRDNO_6_N016
SBERDO_2_WHSHY1,Waterman Hydroelectric Station,SANBRDNO_6_N017
SBERDO_6_MILLCK,MILL CREEK PSP,SANBRDNO_6_N006
SEARLS_7_ARGUS,Argus Cogeneration,SEARLES_7_N004
SEARLS_7_WESTEN,NORTH AMERICAN WESTEND,SEARLES_7_N002
SEGS_1_SEGS2,SUNRAY ENERGY INC. - SEGS 2,SEGS2G_7_B1
SEGS_1_SR2SL2,Sunray 2,SUNRAY2_7_N001
SENTNL_2_CTG1,Sentinel Unit 1,TOT032G1_7_N001
SENTNL_2_CTG2,Sentinel Unit 2,TOT032G2_7_N001
SENTNL_2_CTG3,Sentinel Unit 3,TOT032G3_7_N001
SENTNL_2_CTG4,Sentinel Unit 4,TOT032G4_7_N001
SENTNL_2_CTG5,Sentinel Unit 5,TOT032G5_7_N001
SENTNL_2_CTG6,Sentinel Unit 6,TOT032G6_7_N001
SENTNL_2_CTG7,Sentinel Unit 7,TOT032G7_7_N001
SENTNL_2_CTG8,Sentinel Unit 8,TOT032G8_7_N001
SHUTLE_6_CREST,CREST Contracts,SHUTTLE_6_N019
SMKTRE_2_WIND,Smoke Tree,SMKTREGN_7_N001
SNCLRA_2_CREST,SCE SNCLRA_2_CREST,SCLARA_2_N114
SNCLRA_2_HOWLNG,Houwelings Nurseries Oxnard Inc,S.CLARA_6_N021
SNCLRA_2_SPEBT1,Santa Paula Energy Storage Project,SCLARA_6_N028
SNCLRA_2_SPRHYD,Springville Hydroelectric Generator,SCLARA_6_N027
SNCLRA_2_UNIT,CSU-Channel Islands CIPower,CSUCISL_7_N001
SNCLRA_2_UNIT1,New Indy Oxnard,SCLARA_6_N026
SNCLRA_6_OXGEN,E.F. OXNARD INCORPORATED,OXGEN_7_B1
SNCLRA_6_PROCGN,PROCTER  AND  GAMBLE OXNARD II,PROCGEN_7_B1
SNCLRA_6_QF,SANTA CLARA QFS,SCLARA_6_N008
SONGS_7_UNIT 2,SAN ONOFRE NUCLEAR UNIT 2,SONOFR2_7_B1
SPRGVL_2_CREST,Springerville Aggregate Solar Resources,SPRINGVL_6_N019
SPRGVL_2_QF,SPRINGVILLE QFS,SPRINGVL_6_N006
SPRGVL_2_SUCCES,SUCCESS POWER PLANT,SPRINGVL_2_N039
SPRGVL_2_TULE,TULE RIVER HYDRO PLANT (PG&E),SPRINGVL_6_N002
SPRGVL_2_TULESC,TULE RIVER HYDRO PLANT (SCE),SPRINGVL_6_N004
SYCAMR_2_UNIT 1,Sycamore Cogeneration Unit 1,SYCCYN1G_7_B1
SYCAMR_2_UNIT 2,Sycamore Cogeneration Unit 2,SYCCYN2G_7_B1
SYCAMR_2_UNIT 3,Sycamore Cogeneration Unit 3,SYCCYN3G_7_B1
SYCAMR_2_UNIT 4,Sycamore Cogeneration Unit 4,SYCCYN4G_7_B1
TEHAPI_2_WIND1,Wind Wall Monolith 1,WDWLMON1_7_N001
TEHAPI_2_WIND2,Wind Wall Monolith 2,WDWLMON2_7_N001
TIFFNY_1_DILLON,TIFFNY_1_DILLON,WINTEC6_7_N001
TORTLA_1_SOLAR,Longboat Solar,LNGBATGN_7_N001
TRNSWD_1_QF,FPL Energy C Wind,TRANWND_1_N001
VALLEY_5_PERRIS,MWD Perris Hydroelectric Recovery Plant,VALLEYSC_1_N101
VALLEY_5_REDMTN,MWD Red Mountain Hydroelectric Recovery ,VALLEYSC_1_N102
VALLEY_5_RTS044,SPVP044,VALLEYSC_1_N025
VALLEY_5_SOLAR1,Kona Solar - Meridian #1,VALLEYSC_1_N038
VALLEY_5_SOLAR2,AP North Lake Solar,VALLEYSC_1_N108
VALLEY_7_BADLND,VALLEY_7_BADLND,VALLEYSC_1_N014
VALLEY_7_UNITA1,WM Energy El Sobrante Landfill,VALLEYSC_1_N013
VENWD_1_WIND1,Windpark Unlimited 1,VENWIND_1_N103
VENWD_1_WIND2,Windpark Unlimited 2,VENWIND_1_N102
VENWD_1_WIND3,Painted Hills Windpark,VENWIND_1_N104
VESTAL_2_CREST,SCE VESTAL_2_CREST,VESTAL_2_N023
VESTAL_2_RTS042,SPVP042 Porterville Solar,VESTAL_6_GN010
VESTAL_2_SOLAR1,NICOLIS,VESTAL_6_N025
VESTAL_2_SOLAR2,TROPICO,VESTAL_6_N026
VESTAL_2_UNIT1,CALGREN-PIXLEY,VESTAL_6_N024
VESTAL_2_WELLHD,Wellhead Power Delano,VESTAL_6_N020
VESTAL_6_QF,VESTAL QFS,VESTAL_6_N006
VESTAL_6_ULTRGN,RIO BRAVO JASMIN,VESTAL_6_N002
VESTAL_6_WDFIRE,SIERRA POWER CORPORATION,VESTAL_6_N004
VICTOR_1_CREST,Victor Aggregate Solar Resources,VICTOR_7_N003
VICTOR_1_EXSLRA,Expressway Solar A,VICTOR_7_N004
VICTOR_1_EXSLRB,Expressway Solar B,VICTOR_7_N005
VICTOR_1_LVSLR1,Lone Valley Solar Park 1,VICTOR_7_N006
VICTOR_1_LVSLR2,Lone Valley Solar Park 2,VICTOR_7_N007
VICTOR_1_QF,VICTOR QFS,VICTOR_1_N063
VICTOR_1_SLRHES,Sunedison - Hesperia,VICTOR_7_GN001
VICTOR_1_SOLAR1,Victor Phelan Solar One,VICTOR_7_N002
VICTOR_1_SOLAR2,Alamo Solar,VICTOR_7_N009
VICTOR_1_SOLAR3,Adelanto Solar 2,VICTOR_7_N011
VICTOR_1_SOLAR4,Adelanto Solar,VICTOR_7_N010
VICTOR_1_VDRYFA,Victor Dry Farm Ranch A ,VICTOR_7_GN002
VICTOR_1_VDRYFB,Victor Dry Farm Ranch B ,VICTOR_7_N008
VILLPK_2_VALLYV,MWD Valley View Hydroelectric Recovery P,VILLAPK_6_N005
VILLPK_6_MWDYOR,Yorba Linda Hydroelectric Recovery Plant,VILLAPK_2_N028
VINCNT_2_QF,VINCENT QFS,VINCENT_2_N100
VINCNT_2_WESTWD,Oasis Power Plant,VINCENT_2_N101
VISTA_2_FCELL,CSUSB fuel cell,VSTA_1_N018
VISTA_2_RIALTO,Rialto RT Solar,VSTA_1_GN001
VISTA_2_RTS028,SPVP028,VSTA_1_N016
VISTA_6_QF,VISTA QFS,VSTA_6_N008
WALCRK_2_CTG1,Walnut Creek Energy Park Unit 1,TOT135G1_7_N001
WALCRK_2_CTG2,Walnut Creek Energy Park Unit 2,TOT135G2_7_N001
WALCRK_2_CTG3,Walnut Creek Energy Park Unit 3,TOT135G3_7_N001
WALCRK_2_CTG4,Walnut Creek Energy Park Unit 4,TOT135G4_7_N001
WALCRK_2_CTG5,Walnut Creek Energy Park Unit 5,TOT135G5_7_N001
WALNUT_2_SOLAR,Industry MetroLink PV 1,WALNUT_6_N011
WALNUT_6_HILLGEN,Puente Hills,HILLGEN_7_B1
WALNUT_7_WCOVCT,WALNUT_7_WCOVCT,WALNUT_6_N008
WALNUT_7_WCOVST,MM West Covina - ST Unit,WALNUT_6_N007
WHTWTR_1_WINDA1,Whitewater Hill Wind Project,WHITEWTR_7_B1
YUCCA_2_CREST,YUCCA_2_CREST,TAP801_1_N003
AGUCAL_5_SOLAR1,Agua Caliente Solar,AGUCALG1_7_B1
BORDER_6_UNITA1,CalPeak Power Border Unit 1,CPBORDER_7_B1
BREGGO_6_DEGRSL,Desert Green Solar Farm,BREGGEN_7_N006
BREGGO_6_SOLAR,NRG Borrego Solar One,BORREGO_6_N009
CBRLLO_6_PLSTP1,POINT LOMA SEWAGE TREATMENT PLANT,CABRILLO_6_N011
CCRITA_7_RPPCHF,Rancho Penasquitos Hydro Facility,CHCARITA_1_N012
CHILLS_1_SYCENG,Sycamore Energy 1,CARLTNHS_1_GN001
CHILLS_1_SYCLFL,SYCAMORE LANDFILL,CARLTNHS_1_N012
CHILLS_7_UNITA1,Sycamore Energy 2,CARLTNHS_1_N011
CNTNLA_2_SOLAR1,Centinela Solar Energy I ,Q442GEN_7_N005
CNTNLA_2_SOLAR2,Centinels Solar Energy 2,Q442GEN_7_N012
CPSTNO_7_PRMADS,PRIMA DESCHECHA (CAPISTRANO),CAPSTRNO_1_N016
CPVERD_2_SOLAR,Campo Verde Solar,C590M1_7_N004
CPVERD_5_CVSBT1,Campo Verde Solar BESS,IVGEN3M1_7_N006
CRELMN_6_RAMON1,Ramona 1,RAMNGEN_7_N002
CRELMN_6_RAMON2,Ramona 2,RAMNGEN_7_N003
CRELMN_6_RAMSR3,Ramona Solar Energy,RAMONAGN_7_N001
CRSTWD_6_KUMYAY,Kumeyaay Wind Farm,KUMEYAAY_7_N001
CSLR4S_2_SOLAR,Csolar IV South,Q510_7_N005
DIVSON_6_NSQF,DIVISION NAVAL STATION COGEN,NSCOGEN_7_B1
EGATE_7_NOCITY,NORTH CITY UNIT (EASTGATE),EASTGATE_6_N004
ELCAJN_6_DRGEN1,PLP SDGE Bundled Customers,ELCAJON_6_GN001
ELCAJN_6_DRGEN2,PLP SDGE Direct Access Customers,ELCAJON_6_GN002
ELCAJN_6_EB1BT1,Eastern BESS 1,ELCAJNGT_7_N011
ELCAJN_6_LM6K,El Cajon Energy Center,ELCAJNEG_7_GN001
ELCAJN_6_UNITA1,Cuyamaca Peak Energy Plant,CPELCAJN_7_B1
ELCAJN_7_GT1,EL CAJON,ELCAJNGT_7_B3
ENCINA_7_EA1,ENCINA UNIT 1,ENCINA1_7_B1
ENCINA_7_EA2,ENCINA UNIT 2,ENCINA2_7_B1
ENCINA_7_EA3,ENCINA UNIT 3,ENCINA3_7_B1
ENCINA_7_EA4,ENCINA UNIT 4,ENCINA4_7_B1
ENCINA_7_EA5,ENCINA UNIT 5,ENCINA5_7_B1
ENCINA_7_GT1,ENCINA GAS TURBINE UNIT 1,ENCINAGT_7_B11
ENERSJ_2_WIND,ESJ Wind Energy,Q159AC1_7_N001
ESCNDO_6_EB1BT1,Escondido BESS 1,BESSGEN_7_N001
ESCNDO_6_EB2BT2,Escondido BESS 2,BESSGEN_7_N002
ESCNDO_6_EB3BT3,Escondido BESS 3,BESSGEN_7_N003
ESCNDO_6_NGRP01,POC: PDR to NGR Resource,ESCNDIDO_2_N021
ESCNDO_6_PL1X2,MMC Escondido Aggregate,CPESCNDO_7_A1
ESCNDO_6_UNITB1,CalPeak Power Enterprise Unit 1,CPESCNDO_7_B1
ESCO_6_GLMQF,Goal Line Cogen,GOALLINE_6_N001
IVSLR2_2_SOLAR2,Silver Ridge Mount Signal 2 - Res 2,DWGEN2G2_7_N005
IVSLR2_2_SOLAR3,Silver Ridge Mount Signal 2 - Res 3,DWGEN2G2_7_N006
IVSLR2_2_SOLAR4,Silver Ridge Mount Signal 2 - Res 4,DWGEN2G2_7_N007
IVSLR2_2_SOLAR5,Silver Ridge Mount Signal 2 - Res 5,DWGEN2G2_7_N008
IVSLRP_2_SOLAR1,Silver Ridge Mount Signal,IVSOLARS_7_N007
JACMSR_1_JACSR1,Jacumba Solar Farm,Q644A2_7_N001
LAKHDG_6_UNIT 1,Lake Hodges Pumped Storage-Unit1,LKHODG1_7_N002
LAKHDG_6_UNIT 2,Lake Hodges Pumped Storage-Unit2,LKHODG2_7_N002
LARKSP_6_UNIT 1,LARKSPUR PEAKER UNIT 1,BDLRKSP1_7_B1
LARKSP_6_UNIT 2,LARKSPUR PEAKER UNIT 2,BDLRKSP2_7_B1
LAROA1_2_UNITA1,LR1,LAROA1_2_N001
LILIAC_6_SOLAR,Mesa Crest,LILAC_7_N003
MESARM_6_BIOSIT,Biosite Headquarters,MESARIM_6_GN001
MRGT_6_MEF2,Miramar Energy Facility II,MRGT_6_NODE1
MRGT_6_MMAREF,Miramar Energy Facility,MIRAMREF_7_B1
MSHGTS_6_MMARLF,MIRAMAR LANDFILL,MESAHGTS_6_N011
MSOLAR_2_SOLAR1,Mesquite Solar 1,C643TM1_7_N001
MSOLAR_2_SOLAR2,Mesquite Solar 2,MESQSLR2_7_N002
MSOLAR_2_SOLAR3,Mesquite Solar 3 LLC,MSOLGEN3_7_N003
MSSION_2_QF,SMALL QF AGGREGATION - SAN DIEGO,MISSION_2_N035
MURRAY_6_UNIT,Grossmont Hospital,MURRAYGN_7_N018
NIMTG_6_NICOGN,NORTH ISLAND COGEN,NOISLMTR_6_N015
NIMTG_6_NIQF,NORTH ISLAND QF,NOISLMTR_6_N101
OCTILO_5_WIND,Ocotillo Wind Energy Facility,C493GEN_7_N003
OLDTWN_6_USD,University of San Diego,OLDTOWN_6_GN001
OLIVHN_6_OLVDAM,Olivenhain Dam,OMWD_6_GN001
OTAY_6_LNDFL5,Otay 5,OTAYGEN_7_N004
OTAY_6_LNDFL6,Otay 6,OTAYGEN_7_N003
OTAY_6_PL1X2,Chula Vista Energy Center LLC,RAMCOOY_7_B1
OTAY_6_UNITB1,OTAY LANDFILL UNITS AGGREGATE,OTAY_6_N017
OTAY_7_UNITC1,Otay 3,OTAY_6_N018
PIOPIC_2_CTG1,Pio Pico Unit 1,PIOPICO1_7_N001
PIOPIC_2_CTG2,Pio Pico Unit 2,PIOPICO2_7_N001
PIOPIC_2_CTG3,Pio Pico Unit 3,PIOPICO3_7_N001
PTLOMA_6_NTCCGN,AEI MCRD STEAM TURBINE,POINTLMA_6_N021
PTLOMA_6_NTCQF,NTC/MCRD COGENERATION,POINTLMA_6_N001
SAMPSN_6_KELCO1,KELCO QUALIFYING FACILITY,SAMPSON_6_N010
SANLUS_6_OCEAN,Oceanside Desalinization Plant,SANLUSRY_6_GN001
SHRDGE_1_BIOMAS,KITTYHAWK RENEWABLE ENERGY CENTER,SHADOWR_1_N015
SMRCOS_6_LNDFIL,San Marcos Energy,SANMRCOS_6_GN010
SMRCOS_6_UNIT 1,SAN MARCOS LANDFILL BIO-GAS,SANMRCOS_6_N012
SONGS_7_UNIT 3,SAN ONOFRE NUCLEAR UNIT 3,SONOFR3_7_B1
SYDRO_6_FCELL,South Bay Water Reclamation Fuel Cell,SANYSDRO_6_N013
TULEWD_1_TULWD1,Tule Wind,TULEWC1_7_N001
UCMTG_6_FCELL,Univ. of California San Diego Fuel Cell,UCM_6_N110
VLCNTR_6_VCSLR,Cole Grade,VLYCGEN_7_N004
VLCNTR_6_VCSLR1,Valley Center 1,VLYCGEN_7_N002
VLCNTR_6_VCSLR2,Valley Center 2,VLYCGEN_7_N003
VSTAES_6_VESBT1,Vista Energy Storage,Q1061COL_7_N001
VEAVST_1_SOLAR,Community Solar,VISTAGN_7_N001
VERNON_6_GONZL1,H. Gonzales Unit #1,VERNON_6_N005
VERNON_6_GONZL2,H. Gonzales Unit #2,VERNON_6_N006
NCPA_MARBLE60_I_AS_TRASSP,NCPA_MARBLE60_I_AS_TRASSP,MARBLSPP_6_N001
ARNW_MALIN500_I_AS_CERT01,ARNW_MALIN500_I_AS_CERT01,MALIN_5_N101
BCTSYS_5_PWXDYN,BCTSYS_5_PWXDYN,MALIN_5_N101
BPA1_MALIN500_I_AS_CERT01,BPA1_MALIN500_I_AS_CERT01,MALIN_5_N101
CCSF_OAKDALE_I_AS_TRASSP,CCSF_OAKDALE_I_AS_TRASSP,OAKDLTID_1_N001
CCSF_STANDIFORD_I_AS_TRASSP,CCSF_STANDIFORD_I_AS_TRASSP,STANDFD2_1_N011
MALIN_5_BPADYN,MALIN_5_BPADYN,MALIN_5_N101
MALIN_5_GCPDDYN,Grant County Hydro Facilities,MALIN_5_N101
MALIN_5_IBERDR,Iberdrola Centroid Sytem Resource,MALIN_5_N101
MALIN_5_INHRED,CSF Columbia Gorge,MALIN_5_N101
MALIN_5_INHRPG,BIGLOW CANYON,MALIN_5_N101
PCPM_MALIN500_I_VER_VER001,PCPM_MALIN500_I_VER_VER001,MALIN_5_N101
PCPM_MALIN500_I_VER_VER002,PCPM_MALIN500_I_VER_VER002,MALIN_5_N101
PORT_MALIN500_I_AS_CERT01,PORT_MALIN500_I_AS_CERT01,MALIN_5_N101
PORT_TRCYCOTP_I_AS_CERT01,PORT_TRCYCOTP_I_AS_CERT01,CAPTJACK_5_N015
PWRX_CRAG_I_AS_CERT01,PWRX_CRAG_I_AS_CERT01,CRAGVIEW_1_GN001
PWRX_MALIN500_I_AS_CERT01,PWRX_MALIN500_I_AS_CERT01,MALIN_5_N101
PWRX_MALIN500_I_AS_CERTNS,PWRX_MALIN500_I_AS_CERTNS,MALIN_5_N101
PWRX_MALIN500_I_AS_CERTSP,PWRX_MALIN500_I_AS_CERTSP,MALIN_5_N101
PWRX_TRCYCOTP_I_AS_CERT01,PWRX_TRCYCOTP_I_AS_CERT01,CAPTJACK_5_N015
SMUD_TRCYPGAE_I_AS_CERT01,SMUD_TRCYPGAE_I_AS_CERT01,CAPTJACK_5_N505
TIDS_TRCYPGAE_I_AS_CERT01,TIDS_TRCYPGAE_I_AS_CERT01,CAPTJACK_5_N505
TIDS_WESTLYQNTO_I_AS_CERT01,TIDS_WESTLYQNTO_I_AS_CERT01,CAPTJACK_5_N003
TIDS_WESTLYTSLA_I_AS_CERT01,TIDS_WESTLYTSLA_I_AS_CERT01,CAPTJACK_5_N504
WPAC_MALIN500_I_AS_TRASSP,WPAC_MALIN500_I_AS_TRASSP,MALIN_5_N101
WPAC_TESLA230_I_AS_TRASSP,WPAC_TESLA230_I_AS_TRASSP,CAPTJACK_5_N506
WPAC_TRCYPGAE_I_AS_TRASSP,WPAC_TRCYPGAE_I_AS_TRASSP,CAPTJACK_5_N505
WSNR_CTW230_I_AS_CERT01,WSNR_CTW230_I_AS_CERT01,CAPTJACK_5_N510
WSNR_TESLA230_I_AS_CERT01,WSNR_TESLA230_I_AS_CERT01,CAPTJACK_5_N506
WSNR_TRCYCOTP_I_AS_CERT01,WSNR_TRCYCOTP_I_AS_CERT01,CAPTJACK_5_N015
WSNR_TRCYPGAE_I_AS_CERT01,WSNR_TRCYPGAE_I_AS_CERT01,CAPTJACK_5_N505
ARLINT_5_SCEDYN,Arlington Valley CC,PALOVRDE_ASR-APND
BEJNLS_5_BV2SCEDYN,Broadview 2,PALOVRDE_ASR-APND
BEKWJS_5_BV1SCEDYN,Broadview 1,PALOVRDE_ASR-APND
COLGNS_2_CNSSR1,ColGreen North Shore ,COACHELV_2_N101
ELCABO_5_ECWSCEDYN,El Cabo Wind,WILOWBCH_6_ND001
GLEN_SYLMAR_I_AS_CERT01,GLEN_SYLMAR_I_AS_CERT01,SYLMARLA_2_N501
GRIFFI_2_LSPDYN,Griffith Energy,MEADS_2_N101
INTMNT_3_ANAHEIM,Intermountain Power Project,INTERM1G_7_N501
INTMNT_3_PASADENA,Intermountain Power Project,INTERM1G_7_N501
INTMNT_3_RIVERSIDE,IPPDYN,INTERM1G_7_N501
LDWP_ELDORADO500_I_AS_CERT01,LDWP_ELDORADO500_I_AS_CERT01,MCCULLGH_5_N101
LDWP_LUGO_I_AS_CERT01,LDWP_LUGO_I_AS_CERT01,VICTORVL_5_N101
LDWP_MARKETPLACE_I_AS_CERT01,LDWP_MARKETPLACE_I_AS_CERT01,MARKETPL_5_N501
LDWP_SYLMAR_I_AS_CERT01,LDWP_SYLMAR_I_AS_CERT01,SYLMARLA_2_N501
MIDWYS_2_MIDSL1,Midway Solar Farm,COACHELV_2_N101
MILFRD_7_PASADENA,Milford I,INTERM1G_7_N501
MRCHNT_2_MELDYN,MRCHNT_2_MELDYN,MAGNOLIA_2_N008
MSQUIT_5_SERDYN,MSQUIT_5_SERDYN,PALOVRDE_ASR-APND
PCPM_ELDORADO230_I_VER_VER001,PCPM_ELDORADO230_I_VER_VER001,MAGNOLIA_2_N008
PCPM_ELDORADO230_I_VER_VER002,PCPM_ELDORADO230_I_VER_VER002,MAGNOLIA_2_N008
PORT_NOB_I_AS_CERT01,PORT_NOB_I_AS_CERT01,SYLMARDC_2_N501
PVERDE_5_SCEDYN,PVERDE_5_SCEDYN,PALOVRDE_ASR-APND
PWRX_LUGO_I_AS_CERT01,PWRX_LUGO_I_AS_CERT01,VICTORVL_5_N101
PWRX_MEAD230_I_AS_CERT01,PWRX_MEAD230_I_AS_CERT01,MEADS_2_N101
PWRX_NOB_I_AS_CERT01,PWRX_NOB_I_AS_CERT01,SYLMARDC_2_N501
PWRX_NOB_I_AS_CERT02,PWRX_NOB_I_AS_CERT02,SYLMARDC_2_N501
PWRX_NOB_I_AS_CERTSP,PWRX_NOB_I_AS_CERTSP,SYLMARDC_2_N501
PWRX_PVWEST_I_AS_CERT01,PWRX_PVWEST_I_AS_CERT01,PALOVRDE_ASR-APND
RAMON_2_SCEDYN,RAMON_2_SCEDYN,COACHELV_2_N101
SCEHOV_2_HOOVER,SCEHOV_2_HOOVER,MEADS_2_N101
ZES1_BLYTHE161_I_VER_SG2,ZES1_BLYTHE161_I_VER_SG2,BLYTHE_1_N101
ZES1_MIR2_I_VER_SG2,ZES1_MIR2_I_VER_SG2,COACHELV_2_N101
ALHMBR_1_ALHSLR,SG Alhambra,C7-1-S1_1_N002
ANZA_6_SOLAR1,Seville Solar One,SEVILEGN_7_N001
ARKANS_1_ARKSLR,SG Arkansas,C7-2-S1_1_N002
ARLVAL_5_SOLAR,Arlington Valley Solar Energy II,AVLYSLR_7_N005
CALPSS_6_SOLAR1,Calipatria Solar Farm,CALIPSF_7_N001
NGILAA_5_SDGDYN,NGILAA_5_SDGDYN,NGILAN_5_N034
SNORA_2_SNRSLR,SG Sorrento,HUDSON1_2_N002
ZES1_IVLY2_I_VER_SG2,ZES1_IVLY2_I_VER_SG2,ELCENTRO_2_N001